Bank,Year,equity_vol
ABCB.N,2016,0.34705242217560894
ACNB.OQ,2016,0.1748011864531145
AROW.OQ,2016,0.21327533666027415
ASB.N,2016,0.2139144682629109
ATLO.OQ,2016,0.17576943014612983
AUBN.OQ,2016,0.20242246768249855
BAC.N,2016,0.4142781182726377
BANC.N,2016,0.5176586763432748
BANF.OQ,2016,0.21965037870825807
BANR.OQ,2016,0.22948232708425279
BCBP.OQ,2016,0.11992941007161982
BFIN.OQ,2016,0.16157865034903687
BHB.A,2016,0.2326122921430745
BHLB.N,2016,0.21289619962267653
BKU.N,2016,0.29374375978406797
BMRC.OQ,2016,0.2910714824977276
BOH.N,2016,0.1628763253392815
BOKF.OQ,2016,0.27280569150086276
BRKL.OQ,2016,0.21439825394771345
BSRR.OQ,2016,0.3321313684709495
BUSE.OQ,2016,0.26974365372983394
BWFG.OQ,2016,0.19521078548552692
CAC.OQ,2016,0.2554580591338949
CADE.N,2016,0.3176616049665484
CATY.OQ,2016,0.27659956110761696
CBAN.N,2016,0.24038197171633996
CBFV.OQ,2016,0.20481770632531182
CBSH.OQ,2016,0.18475838716709977
CBU.N,2016,0.23510356649334518
CCBG.OQ,2016,0.307260946911443
CCNE.OQ,2016,0.2605165412194812
CFFI.OQ,2016,0.20754076130237104
CFG.N,2016,0.4425909243864283
CFR.N,2016,0.3340048987439353
CHCO.OQ,2016,0.23252429306685363
CHMG.OQ,2016,0.30035408356027676
CIVB.OQ,2016,0.3841004944462925
CMA.N,2016,0.39987613518747844
CNOB.OQ,2016,0.35677904382091796
COLB.OQ,2016,0.29812171125201636
CPF.N,2016,0.20572085754778374
CTBI.OQ,2016,0.23728154569266496
CUBI.N,2016,0.29959650743909255
CVBF.OQ,2016,0.32293052613913037
CZNC.OQ,2016,0.18773557720328135
DCOM.OQ,2016,0.28494823073292536
DFS.N,2016,0.3146816309238848
EBMT.OQ,2016,0.3005834279461459
EBTC.OQ,2016,0.3507006856404203
EFSC.OQ,2016,0.202038535983623
EGBN.OQ,2016,0.25125865935266456
EVBN.A,2016,0.2514104219427171
EWBC.OQ,2016,0.4100670436366182
FBIZ.OQ,2016,0.3462229377602928
FBNC.OQ,2016,0.3175169845485465
FCAP.OQ,2016,0.1690789516436064
FCBC.OQ,2016,0.2738977670629933
FCCO.OQ,2016,0.21428050299985574
FCF.N,2016,0.26664497240145496
FCNCA.OQ,2016,0.25792614991483476
FFBC.OQ,2016,0.2987323508358958
FFIC.OQ,2016,0.3249233809682223
FFIN.OQ,2016,0.27999423922722283
FGBI.OQ,2016,0.3226714862362289
FHN.N,2016,0.314085240604096
FISI.OQ,2016,0.2267733960875486
FITB.OQ,2016,0.3527488273992241
FLG.N,2016,0.1892887056283553
FLIC.OQ,2016,0.2641138590040869
FMBH.OQ,2016,0.2242393532005783
FMNB.OQ,2016,0.2565049807561491
FNB.N,2016,0.241358740507767
FNLC.OQ,2016,0.2657667525925346
FNWB.OQ,2016,0.14622541781531792
FRBA.OQ,2016,0.2238943568374179
FRBKQ.PK,2016,0.6690514853833901
FRCB.PK,2016,0.21908028898281603
FRME.OQ,2016,0.282053135199934
FRST.OQ,2016,0.22366935421223166
FSBW.OQ,2016,0.17345034525546046
FULT.OQ,2016,0.2125766728149151
FUNC.OQ,2016,0.3857546285907122
GABC.OQ,2016,0.24712971899761715
GBCI.N,2016,0.2722309392490062
GSBC.OQ,2016,0.2948820237628028
HAFC.OQ,2016,0.3012823033114365
HBAN.OQ,2016,0.37111072075632534
HBCP.OQ,2016,0.23296952254739844
HBNC.OQ,2016,0.31322808862074647
HFWA.OQ,2016,0.2969939207692963
HIFS.OQ,2016,0.2600788274367933
HMST.OQ,2016,0.25718821439454964
HOMB.N,2016,0.30152845852990406
HOPE.OQ,2016,0.3424823561156494
HTBK.OQ,2016,0.3260446964200533
HTH.N,2016,0.27312379162250944
HWBK.OQ,2016,0.18416084761059612
HWC.OQ,2016,0.30505303844347226
IBCP.OQ,2016,0.20234357456885063
IBOC.OQ,2016,0.31692717237902934
INBK.OQ,2016,0.26729205713250476
INDB.OQ,2016,0.23773971698659727
ISTR.OQ,2016,0.20511484584993409
JPM.N,2016,0.23881091510747293
KEY.N,2016,0.38929259048587306
LARK.OQ,2016,0.10659559931121165
LCNB.OQ,2016,0.2798045860596709
LKFN.OQ,2016,0.22254908619859515
MBWM.OQ,2016,0.2710023840177626
MFIN.OQ,2016,0.569315018008496
MOFG.OQ,2016,0.23942556207958915
MPB.OQ,2016,0.24877830721057417
MTB.N,2016,0.2570368936206316
NBHC.N,2016,0.3012176284651329
NBTB.OQ,2016,0.19101263339272867
NFBK.OQ,2016,0.17743534615410667
NKSH.OQ,2016,0.2480384565071352
NRIM.OQ,2016,0.2898423902571978
NWBI.OQ,2016,0.18426117326764976
NWFL.OQ,2016,0.17162251175860524
OCFC.OQ,2016,0.3528511488088741
ONB.OQ,2016,0.27499186407932474
OPOF.OQ,2016,0.1603395083037889
ORRF.OQ,2016,0.14735666162857367
OSBC.OQ,2016,0.3388088400165733
OVBC.OQ,2016,0.17515259494810395
OVLY.OQ,2016,0.170570562068069
OZK.OQ,2016,0.4224954443038464
PB.N,2016,0.31893732710803785
PEBK.OQ,2016,0.15129183663916276
PEBO.OQ,2016,0.23513005605285162
PFBC.OQ,2016,0.33616245872260886
PFIS.OQ,2016,0.19501967114481888
PFS.N,2016,0.23337918177812178
PGC.OQ,2016,0.43406953706319157
PKBK.OQ,2016,0.18663483271205877
PLBC.OQ,2016,0.4008011023746737
PNC.N,2016,0.25482131517921947
PNFP.OQ,2016,0.30241617468025095
PPBI.OQ,2016,0.2861842303491956
PRK.A,2016,0.18846137804205684
PVBC.OQ,2016,0.17723094252700733
PWOD.OQ,2016,0.18310319479423057
QCRH.OQ,2016,0.22502077570221965
RBCAA.OQ,2016,0.19994714519215845
RF.N,2016,0.4229755879960817
SBCF.OQ,2016,0.2093305206690017
SBFG.OQ,2016,0.2033498978439153
SBNY.PK,2016,0.3028311408366227
SBSI.N,2016,0.2428181698995229
SFNC.OQ,2016,0.31413540900534054
SFST.OQ,2016,0.26612485034136985
SHBI.OQ,2016,0.17825578210051435
SNV.N,2016,0.29770692874348964
SRCE.OQ,2016,0.21205699867613909
STBA.OQ,2016,0.27429863601346943
SYBT.OQ,2016,0.23447378035958222
TBBK.OQ,2016,0.5151333787175388
TCBI.OQ,2016,0.4957905981514719
TCBK.OQ,2016,0.24865697032985618
TFC.N,2016,0.23518487473171926
TFIN.OQ,2016,0.3586116140636589
THFF.OQ,2016,0.20264303539057948
TMP.A,2016,0.17569163826386133
TOWN.OQ,2016,0.3464037325230682
TRMK.OQ,2016,0.24290435472178967
TRST.OQ,2016,0.2284679426635144
UBFO.OQ,2016,0.2891229523624929
UBSI.OQ,2016,0.27172799821430726
UCB.N,2016,0.3249961009281329
UMBF.OQ,2016,0.25146992373862187
UNB.OQ,2016,0.36644797625702963
UNTY.OQ,2016,0.2848178948011285
USB.N,2016,0.18330498652838725
UVSP.OQ,2016,0.2365786694775798
VBTX.OQ,2016,0.41281393961840945
VLY.OQ,2016,0.2142618609110748
WABC.OQ,2016,0.2872715749818458
WAL.N,2016,0.3760404468489822
WASH.OQ,2016,0.23491421360092304
WBS.N,2016,0.3267437343297947
WFC.N,2016,0.2613800545720257
WNEB.OQ,2016,0.1864628408325328
WSBC.OQ,2016,0.24608692802295457
WSBF.OQ,2016,0.10981433885307633
WSFS.OQ,2016,0.3232737958094134
WTBA.OQ,2016,0.21638266759552763
WTFC.OQ,2016,0.3277327625778172
ZION.OQ,2016,0.39308119338970954
ABCB.N,2017,0.2100592865595408
ACNB.OQ,2017,0.20470512171465466
AROW.OQ,2017,0.21058340166822642
ASB.N,2017,0.18727789477994866
ATLO.OQ,2017,0.1735936063340977
AUBN.OQ,2017,0.14468738905569928
BAC.N,2017,0.1647517381623982
BANC.N,2017,0.3448883332382123
BANF.OQ,2017,0.23513312739819486
BANR.OQ,2017,0.17763057495245554
BCBP.OQ,2017,0.19183531945396043
BFIN.OQ,2017,0.18609300568522658
BHB.A,2017,0.33727957137248005
BHLB.N,2017,0.21255739482969235
BKU.N,2017,0.1847132630897549
BMRC.OQ,2017,0.15232596647185004
BOH.N,2017,0.14655392462250555
BOKF.OQ,2017,0.1776672809477658
BRKL.OQ,2017,0.15914723189526514
BSRR.OQ,2017,0.22705712967259695
BUSE.OQ,2017,0.16221966717254213
BWFG.OQ,2017,0.2605039465642325
CAC.OQ,2017,0.22054416392866427
CADE.N,2017,0.17925298011855306
CATY.OQ,2017,0.22019382796275527
CBAN.N,2017,0.10812421389889856
CBFV.OQ,2017,0.1669772064300915
CBSH.OQ,2017,0.1328105163890481
CBU.N,2017,0.1524594861423134
CCBG.OQ,2017,0.24892253095211264
CCNE.OQ,2017,0.32029471824126654
CFFI.OQ,2017,0.2862636213374738
CFG.N,2017,0.22173254327018058
CFR.N,2017,0.18908333357927926
CHCO.OQ,2017,0.23261207799763892
CHMG.OQ,2017,0.22312869900714372
CIVB.OQ,2017,0.1859878264346416
CMA.N,2017,0.17766324186319626
CNOB.OQ,2017,0.18073936784011616
COLB.OQ,2017,0.24560390972417814
CPF.N,2017,0.17556217965465365
CTBI.OQ,2017,0.1744175983494826
CUBI.N,2017,0.2769064360330636
CVBF.OQ,2017,0.24894051623952845
CZNC.OQ,2017,0.175916839863744
DCOM.OQ,2017,0.1687447718434426
DFS.N,2017,0.21085763784732864
EBMT.OQ,2017,0.18640007294886682
EBTC.OQ,2017,0.3314114570735169
EFSC.OQ,2017,0.16212453767196025
EGBN.OQ,2017,0.20382507041160247
EVBN.A,2017,0.18720815820497164
EWBC.OQ,2017,0.1420843123906354
FBIZ.OQ,2017,0.2085103703324453
FBNC.OQ,2017,0.22344642230979989
FCAP.OQ,2017,0.12170696763143304
FCBC.OQ,2017,0.22095535365357596
FCCO.OQ,2017,0.20898871576243971
FCF.N,2017,0.17448040782800472
FCNCA.OQ,2017,0.23541019675484628
FFBC.OQ,2017,0.22824709899305343
FFIC.OQ,2017,0.19272931248893757
FFIN.OQ,2017,0.2656368487239003
FGBI.OQ,2017,0.15762443444517302
FHN.N,2017,0.1725531324560703
FISI.OQ,2017,0.21913662627187117
FITB.OQ,2017,0.17857449202320214
FLG.N,2017,0.1706397362220345
FLIC.OQ,2017,0.19172389452242708
FMBH.OQ,2017,0.18717510682960017
FMNB.OQ,2017,0.22681302118406513
FNB.N,2017,0.21404432152149577
FNLC.OQ,2017,0.305494146136668
FNWB.OQ,2017,0.179092001869626
FRBA.OQ,2017,0.31160968730274746
FRBKQ.PK,2017,0.21621716741993255
FRCB.PK,2017,0.17691273539357627
FRME.OQ,2017,0.13916522708021972
FRST.OQ,2017,0.15940517586023287
FSBW.OQ,2017,0.2317031738265219
FULT.OQ,2017,0.19376716696236929
FUNC.OQ,2017,0.16206092552645646
GABC.OQ,2017,0.2768684718283787
GBCI.N,2017,0.24825267404631482
GSBC.OQ,2017,0.19767714253446345
HAFC.OQ,2017,0.2469261297863068
HBAN.OQ,2017,0.17946075915175905
HBCP.OQ,2017,0.2876963634387744
HBNC.OQ,2017,0.17903103562855457
HFWA.OQ,2017,0.23517832465026992
HIFS.OQ,2017,0.2284617871380441
HMST.OQ,2017,0.25129931475211204
HOMB.N,2017,0.2153381241333231
HOPE.OQ,2017,0.21657180926481226
HTBK.OQ,2017,0.15628026537396608
HTH.N,2017,0.22669324573590077
HWBK.OQ,2017,0.17901654050940477
HWC.OQ,2017,0.1801280781323634
IBCP.OQ,2017,0.19524047895949914
IBOC.OQ,2017,0.23028169620464242
INBK.OQ,2017,0.30850169832567187
INDB.OQ,2017,0.21601408566161923
ISTR.OQ,2017,0.15705828330623384
JPM.N,2017,0.16656736853094858
KEY.N,2017,0.18208727247592066
LARK.OQ,2017,0.13942238216725664
LCNB.OQ,2017,0.24801479515093414
LKFN.OQ,2017,0.2187690600423239
MBWM.OQ,2017,0.24997185714969394
MFIN.OQ,2017,0.6052250368683111
MOFG.OQ,2017,0.1479235716562166
MPB.OQ,2017,0.2209709730545092
MTB.N,2017,0.16978558175486075
NBHC.N,2017,0.19684182831465583
NBTB.OQ,2017,0.2190352161394766
NFBK.OQ,2017,0.19568060458930273
NKSH.OQ,2017,0.25340387846429874
NRIM.OQ,2017,0.31487413950082976
NWBI.OQ,2017,0.19069336183046787
NWFL.OQ,2017,0.20094058854837585
OCFC.OQ,2017,0.16741521711612178
ONB.OQ,2017,0.2002423104849433
OPOF.OQ,2017,0.23684326023428823
ORRF.OQ,2017,0.1426070009289855
OSBC.OQ,2017,0.1977700067089949
OVBC.OQ,2017,0.23871001534895267
OVLY.OQ,2017,0.24231834873660232
OZK.OQ,2017,0.21533948437883885
PB.N,2017,0.18210551306887665
PEBK.OQ,2017,0.265567896194238
PEBO.OQ,2017,0.18794979316653637
PFBC.OQ,2017,0.19835031441648987
PFIS.OQ,2017,0.3033795049005605
PFS.N,2017,0.1888996331733935
PGC.OQ,2017,0.1722002155946325
PKBK.OQ,2017,0.2606252424018806
PLBC.OQ,2017,0.20321528062333477
PNC.N,2017,0.1270907162688996
PNFP.OQ,2017,0.15081213001786467
PPBI.OQ,2017,0.20435263348505744
PRK.A,2017,0.18393899377638673
PVBC.OQ,2017,0.22559438601665818
PWOD.OQ,2017,0.19945496125024545
QCRH.OQ,2017,0.18092418626487267
RBCAA.OQ,2017,0.22564982692405086
RF.N,2017,0.16008386268543037
SBCF.OQ,2017,0.15314722475557052
SBFG.OQ,2017,0.1688136005120426
SBNY.PK,2017,0.15068156790849194
SBSI.N,2017,0.21381969563205647
SFNC.OQ,2017,0.1689186155810077
SFST.OQ,2017,0.1822430844954513
SHBI.OQ,2017,0.1449977623648559
SNV.N,2017,0.15313617110520392
SRCE.OQ,2017,0.14652511972294321
STBA.OQ,2017,0.20083063859777936
SYBT.OQ,2017,0.22441722135757453
TBBK.OQ,2017,0.49187882291585533
TCBI.OQ,2017,0.24096289819395403
TCBK.OQ,2017,0.2119329496511058
TFC.N,2017,0.15837100324275097
TFIN.OQ,2017,0.2899026346806697
THFF.OQ,2017,0.1929312735501727
TMP.A,2017,0.22508728529100108
TOWN.OQ,2017,0.18585717703656074
TRMK.OQ,2017,0.21104780125182052
TRST.OQ,2017,0.20520661578430016
UBFO.OQ,2017,0.2317064063210685
UBSI.OQ,2017,0.20625315597725807
UCB.N,2017,0.18408015228386407
UMBF.OQ,2017,0.18164289444255124
UNB.OQ,2017,0.2740543269935568
UNTY.OQ,2017,0.20937936099572574
USB.N,2017,0.11144244390855995
UVSP.OQ,2017,0.29168750476293026
VBTX.OQ,2017,0.10929239749096824
VLY.OQ,2017,0.1615456001009353
WABC.OQ,2017,0.25161418052519785
WAL.N,2017,0.17653100845524872
WASH.OQ,2017,0.21333586643590857
WBS.N,2017,0.22984741828348937
WFC.N,2017,0.1749782393732134
WNEB.OQ,2017,0.13513578106629867
WSBC.OQ,2017,0.16892088742495684
WSBF.OQ,2017,0.17557382648639708
WSFS.OQ,2017,0.1413785238283543
WTBA.OQ,2017,0.2220963403554408
WTFC.OQ,2017,0.17168982136478092
ZION.OQ,2017,0.18530914030706333
ABCB.N,2018,0.3442088864195753
ACNB.OQ,2018,0.20150758689912404
AROW.OQ,2018,0.1620625320116693
ASB.N,2018,0.20337422088839363
ATLO.OQ,2018,0.18448794216193704
AUBN.OQ,2018,0.33655997054926523
BAC.N,2018,0.22272538316428314
BANC.N,2018,0.289933282210194
BANF.OQ,2018,0.20544713380655155
BANR.OQ,2018,0.17002503091639345
BCBP.OQ,2018,0.16829666069627688
BFIN.OQ,2018,0.17736524468234766
BHB.A,2018,0.1982285336182424
BHLB.N,2018,0.2963222401216906
BKU.N,2018,0.18904580491019227
BMRC.OQ,2018,0.156746336832083
BOH.N,2018,0.17162236017990543
BOKF.OQ,2018,0.22080708154301049
BRKL.OQ,2018,0.19213142930645888
BSRR.OQ,2018,0.2020329957664296
BUSE.OQ,2018,0.21003120165238476
BWFG.OQ,2018,0.0996129078802443
CAC.OQ,2018,0.17080565888913304
CADE.N,2018,0.2523784585485075
CATY.OQ,2018,0.21531372946891383
CBAN.N,2018,0.24639280848862727
CBFV.OQ,2018,0.1768982466484429
CBSH.OQ,2018,0.18543870624589237
CBU.N,2018,0.23109175433712276
CCBG.OQ,2018,0.2525078130286987
CCNE.OQ,2018,0.2366479284264827
CFFI.OQ,2018,0.32776942674379483
CFG.N,2018,0.22812596875562272
CFR.N,2018,0.2305067477750836
CHCO.OQ,2018,0.1799647322086471
CHMG.OQ,2018,0.22353147443914312
CIVB.OQ,2018,0.2166337523170229
CMA.N,2018,0.22262473179989453
CNOB.OQ,2018,0.2207305196960492
COLB.OQ,2018,0.2007894321185476
CPF.N,2018,0.1754753835880099
CTBI.OQ,2018,0.20852161296030108
CUBI.N,2018,0.2756094194543187
CVBF.OQ,2018,0.19204611746458233
CZNC.OQ,2018,0.15401424150290294
DCOM.OQ,2018,0.21834742108875
DFS.N,2018,0.24728656896207368
EBMT.OQ,2018,0.16120866270562956
EBTC.OQ,2018,0.24091472875150483
EFSC.OQ,2018,0.29937880064732736
EGBN.OQ,2018,0.2978201300166067
EVBN.A,2018,0.2323723861223793
EWBC.OQ,2018,0.27278219673572657
FBIZ.OQ,2018,0.22468247091029217
FBNC.OQ,2018,0.2713995810785585
FCAP.OQ,2018,0.2959373176327296
FCBC.OQ,2018,0.22012162420425516
FCCO.OQ,2018,0.25524895510441803
FCF.N,2018,0.2582339413699648
FCNCA.OQ,2018,0.26171358988229443
FFBC.OQ,2018,0.2640069438917433
FFIC.OQ,2018,0.14725379378363124
FFIN.OQ,2018,0.2303615502530108
FGBI.OQ,2018,0.17501608528422147
FHN.N,2018,0.21415364528462733
FISI.OQ,2018,0.20394190527373568
FITB.OQ,2018,0.22928945714442603
FLG.N,2018,0.22703987261544623
FLIC.OQ,2018,0.16785956502600022
FMBH.OQ,2018,0.22064821215239094
FMNB.OQ,2018,0.23319578155811732
FNB.N,2018,0.23311421342282465
FNLC.OQ,2018,0.15216799901311054
FNWB.OQ,2018,0.16895589094500144
FRBA.OQ,2018,0.14360257344574928
FRBKQ.PK,2018,0.28929809876809837
FRCB.PK,2018,0.20557630190311696
FRME.OQ,2018,0.23218898458388695
FRST.OQ,2018,0.2349427676437458
FSBW.OQ,2018,0.28004343376575186
FULT.OQ,2018,0.20872469687580006
FUNC.OQ,2018,0.2321617715843231
GABC.OQ,2018,0.18889225382747898
GBCI.N,2018,0.2605268638513958
GSBC.OQ,2018,0.21654007857072438
HAFC.OQ,2018,0.28117541416246167
HBAN.OQ,2018,0.2535550382199948
HBCP.OQ,2018,0.14842411222008248
HBNC.OQ,2018,0.25921709085339356
HFWA.OQ,2018,0.23704967075524203
HIFS.OQ,2018,0.20595303282964333
HMST.OQ,2018,0.2791203202552432
HOMB.N,2018,0.2237383543515053
HOPE.OQ,2018,0.2748873827563568
HTBK.OQ,2018,0.25346495710287764
HTH.N,2018,0.13962525870343265
HWBK.OQ,2018,0.1377339834706604
HWC.OQ,2018,0.2477663831419232
IBCP.OQ,2018,0.16518565182514566
IBOC.OQ,2018,0.23361885274058145
INBK.OQ,2018,0.21519584548168416
INDB.OQ,2018,0.24245134222799142
ISTR.OQ,2018,0.13816397165129451
JPM.N,2018,0.20067831448840473
KEY.N,2018,0.2500002511443397
LARK.OQ,2018,0.11077544269793561
LCNB.OQ,2018,0.1412332498407679
LKFN.OQ,2018,0.19660941565753168
MBWM.OQ,2018,0.1496729909054681
MFIN.OQ,2018,0.5117696397770898
MOFG.OQ,2018,0.21048779264196799
MPB.OQ,2018,0.21587623187502905
MTB.N,2018,0.2228690876940592
NBHC.N,2018,0.2791729558750005
NBTB.OQ,2018,0.1856899649094235
NFBK.OQ,2018,0.21178289740376802
NKSH.OQ,2018,0.24716134175772028
NRIM.OQ,2018,0.24053162539678688
NWBI.OQ,2018,0.16905177334993418
NWFL.OQ,2018,0.22672206660850736
OCFC.OQ,2018,0.19455036440669002
ONB.OQ,2018,0.23179139584915598
OPOF.OQ,2018,0.297431467551508
ORRF.OQ,2018,0.22334045926856846
OSBC.OQ,2018,0.21029645489064874
OVBC.OQ,2018,0.2844559029438644
OVLY.OQ,2018,0.2385521729615855
OZK.OQ,2018,0.3002142771111095
PB.N,2018,0.20823495599049757
PEBK.OQ,2018,0.22963334705525787
PEBO.OQ,2018,0.19357641198613523
PFBC.OQ,2018,0.22595223242690596
PFIS.OQ,2018,0.17991958793086538
PFS.N,2018,0.15338140760831515
PGC.OQ,2018,0.21451480078941632
PKBK.OQ,2018,0.2135090546792919
PLBC.OQ,2018,0.20591631257393922
PNC.N,2018,0.2251198537318785
PNFP.OQ,2018,0.28482859272798294
PPBI.OQ,2018,0.30649720628646837
PRK.A,2018,0.21210885623355463
PVBC.OQ,2018,0.3687545091996047
PWOD.OQ,2018,0.18370523207717016
QCRH.OQ,2018,0.20611469885198946
RBCAA.OQ,2018,0.1928066299645971
RF.N,2018,0.2575485931884678
SBCF.OQ,2018,0.27071734920274493
SBFG.OQ,2018,0.1803984785567458
SBNY.PK,2018,0.3171040092044825
SBSI.N,2018,0.16312182163549263
SFNC.OQ,2018,0.27728867167410526
SFST.OQ,2018,0.22844035346442274
SHBI.OQ,2018,0.22884837813810216
SNV.N,2018,0.26398395245354256
SRCE.OQ,2018,0.24551513218073648
STBA.OQ,2018,0.2042250714635494
SYBT.OQ,2018,0.1909296289933721
TBBK.OQ,2018,0.29368653045903004
TCBI.OQ,2018,0.2883840834402262
TCBK.OQ,2018,0.1752804295899871
TFC.N,2018,0.21825822513875362
TFIN.OQ,2018,0.3955654072364036
THFF.OQ,2018,0.24406352956682004
TMP.A,2018,0.23352202786454795
TOWN.OQ,2018,0.2176880285549846
TRMK.OQ,2018,0.19173779296892232
TRST.OQ,2018,0.21086279056050491
UBFO.OQ,2018,0.154665608423333
UBSI.OQ,2018,0.24944498561945758
UCB.N,2018,0.266271994950587
UMBF.OQ,2018,0.20653184235872932
UNB.OQ,2018,0.15278870791922103
UNTY.OQ,2018,0.1813277054953488
USB.N,2018,0.21581510542135138
UVSP.OQ,2018,0.1951050643435834
VBTX.OQ,2018,0.28524043869244403
VLY.OQ,2018,0.2818536928829897
WABC.OQ,2018,0.20387822199838324
WAL.N,2018,0.22352074081285908
WASH.OQ,2018,0.20172886684741315
WBS.N,2018,0.24648307518077073
WFC.N,2018,0.2620149495655205
WNEB.OQ,2018,0.1391068557294793
WSBC.OQ,2018,0.26648822672917327
WSBF.OQ,2018,0.07325276142313145
WSFS.OQ,2018,0.24320222250334614
WTBA.OQ,2018,0.14048242956967066
WTFC.OQ,2018,0.20175844989655092
ZION.OQ,2018,0.21382718376570728
ABCB.N,2019,0.35474623704673786
ACNB.OQ,2019,0.23560299447825145
AROW.OQ,2019,0.19926514447332963
ASB.N,2019,0.2671391576108128
ATLO.OQ,2019,0.16928522867968052
AUBN.OQ,2019,0.3729884810289598
BAC.N,2019,0.2970788532250492
BANC.N,2019,0.38622218056246665
BANF.OQ,2019,0.209598905500201
BANR.OQ,2019,0.26711090906280766
BCBP.OQ,2019,0.24558467947962567
BFIN.OQ,2019,0.20909289346865734
BHB.A,2019,0.27885815555760235
BHLB.N,2019,0.27665099727251896
BKU.N,2019,0.2585578912914396
BMRC.OQ,2019,0.17524483603880975
BOH.N,2019,0.21350924367301882
BOKF.OQ,2019,0.3071607857740456
BRKL.OQ,2019,0.20703433260661114
BSRR.OQ,2019,0.24883085711500275
BUSE.OQ,2019,0.20561660939645446
BWFG.OQ,2019,0.142349857463101
CAC.OQ,2019,0.23290110682820062
CADE.N,2019,0.2930884771636446
CATY.OQ,2019,0.26591926487087947
CBAN.N,2019,0.12779713498969844
CBFV.OQ,2019,0.19848840985741326
CBSH.OQ,2019,0.18318766638526804
CBU.N,2019,0.23022926970513613
CCBG.OQ,2019,0.21022369560153611
CCNE.OQ,2019,0.3109774346178864
CFFI.OQ,2019,0.26922080104058466
CFG.N,2019,0.3094390028535145
CFR.N,2019,0.24684373525928116
CHCO.OQ,2019,0.18538892397530912
CHMG.OQ,2019,0.23439699912948664
CIVB.OQ,2019,0.21221549631422765
CMA.N,2019,0.3568462766101469
CNOB.OQ,2019,0.25007252605199864
COLB.OQ,2019,0.2928561052754108
CPF.N,2019,0.22202460570523516
CTBI.OQ,2019,0.18145028152354276
CUBI.N,2019,0.38876412376746294
CVBF.OQ,2019,0.16747638193950318
CZNC.OQ,2019,0.23460486447002357
DCOM.OQ,2019,0.3219467400068992
DFS.N,2019,0.2966434258250405
EBMT.OQ,2019,0.21799439714352892
EBTC.OQ,2019,0.2652459322442146
EFSC.OQ,2019,0.25671280837522903
EGBN.OQ,2019,0.391715636902939
EVBN.A,2019,0.18676691786077232
EWBC.OQ,2019,0.36732642740937227
FBIZ.OQ,2019,0.21579892000146575
FBNC.OQ,2019,0.23153265119843586
FCAP.OQ,2019,0.2265452696995146
FCBC.OQ,2019,0.17144815166375355
FCCO.OQ,2019,0.1851682009465489
FCF.N,2019,0.2595404808758604
FCNCA.OQ,2019,0.20123714992229313
FFBC.OQ,2019,0.27552447194217156
FFIC.OQ,2019,0.18868332629781384
FFIN.OQ,2019,0.23541106578076376
FGBI.OQ,2019,0.2818977732079606
FHN.N,2019,0.2702038964573582
FISI.OQ,2019,0.20774321680246777
FITB.OQ,2019,0.28105159362362564
FLG.N,2019,0.35867139384549285
FLIC.OQ,2019,0.22431561801784317
FMBH.OQ,2019,0.1518986686511429
FMNB.OQ,2019,0.23349521647964463
FNB.N,2019,0.333264575091499
FNLC.OQ,2019,0.17284611571614816
FNWB.OQ,2019,0.11504114078216628
FRBA.OQ,2019,0.13542018249342175
FRBKQ.PK,2019,0.25400313190280255
FRCB.PK,2019,0.24173367294393633
FRME.OQ,2019,0.26435338831871963
FRST.OQ,2019,0.24177752668902752
FSBW.OQ,2019,0.234486152874593
FULT.OQ,2019,0.22211292550268938
FUNC.OQ,2019,0.15347349159769377
GABC.OQ,2019,0.1638220100034782
GBCI.N,2019,0.18695049051904078
GSBC.OQ,2019,0.25315312982265864
HAFC.OQ,2019,0.3148057754170435
HBAN.OQ,2019,0.2757433331779088
HBCP.OQ,2019,0.16087281581188345
HBNC.OQ,2019,0.19884325490440033
HFWA.OQ,2019,0.18249304656003595
HIFS.OQ,2019,0.24254328861196922
HMST.OQ,2019,0.2536595583812485
HOMB.N,2019,0.26976771023218993
HOPE.OQ,2019,0.30323540829140294
HTBK.OQ,2019,0.25406920951070305
HTH.N,2019,0.19110202521233322
HWBK.OQ,2019,0.22718671380045602
HWC.OQ,2019,0.3401252717879027
IBCP.OQ,2019,0.19711318278823287
IBOC.OQ,2019,0.2604226806114196
INBK.OQ,2019,0.24028142184756215
INDB.OQ,2019,0.31028624971877417
ISTR.OQ,2019,0.14549224403264444
JPM.N,2019,0.2186322553038337
KEY.N,2019,0.2902588218680581
LARK.OQ,2019,0.15874410578594125
LCNB.OQ,2019,0.18478242701172087
LKFN.OQ,2019,0.22643820701843528
MBWM.OQ,2019,0.25472016988370005
MFIN.OQ,2019,0.5930298909648707
MOFG.OQ,2019,0.258330430861559
MPB.OQ,2019,0.14349275629218508
MTB.N,2019,0.2735142566419449
NBHC.N,2019,0.2705602713935171
NBTB.OQ,2019,0.203711271749413
NFBK.OQ,2019,0.1384767307684331
NKSH.OQ,2019,0.3105606340249204
NRIM.OQ,2019,0.24606056044092003
NWBI.OQ,2019,0.16906631604942696
NWFL.OQ,2019,0.2591873395919623
OCFC.OQ,2019,0.24030831362859675
ONB.OQ,2019,0.18756302243436165
OPOF.OQ,2019,0.26049921098391765
ORRF.OQ,2019,0.19501927917966244
OSBC.OQ,2019,0.24072699601868064
OVBC.OQ,2019,0.21502360187994207
OVLY.OQ,2019,0.23104429812657382
OZK.OQ,2019,0.4434450091626982
PB.N,2019,0.25580475639389855
PEBK.OQ,2019,0.206985798893937
PEBO.OQ,2019,0.16547578026712542
PFBC.OQ,2019,0.3054430990331754
PFIS.OQ,2019,0.1788666351673068
PFS.N,2019,0.1844085721542056
PGC.OQ,2019,0.2016866543364841
PKBK.OQ,2019,0.2963357760965464
PLBC.OQ,2019,0.3143263368837349
PNC.N,2019,0.21866568667032438
PNFP.OQ,2019,0.29522668095346205
PPBI.OQ,2019,0.27598148542749873
PRK.A,2019,0.1882587076593118
PVBC.OQ,2019,0.2544213666530843
PWOD.OQ,2019,0.3597155751201993
QCRH.OQ,2019,0.2096311171569686
RBCAA.OQ,2019,0.20297272516022105
RF.N,2019,0.30326156695266654
SBCF.OQ,2019,0.3384952799431521
SBFG.OQ,2019,0.18726948784827824
SBNY.PK,2019,0.33139691441829827
SBSI.N,2019,0.1637784031818216
SFNC.OQ,2019,0.24091654975308083
SFST.OQ,2019,0.24014357511785772
SHBI.OQ,2019,0.1597975886052511
SNV.N,2019,0.33455039552107624
SRCE.OQ,2019,0.21638643765718005
STBA.OQ,2019,0.1869177220895606
SYBT.OQ,2019,0.16600794768673957
TBBK.OQ,2019,0.38704450907054977
TCBI.OQ,2019,0.34711540771869626
TCBK.OQ,2019,0.17963909676511294
TFC.N,2019,0.2617564613625074
TFIN.OQ,2019,0.26289019728391494
THFF.OQ,2019,0.19499283158494085
TMP.A,2019,0.16366778227365883
TOWN.OQ,2019,0.20200662063467523
TRMK.OQ,2019,0.25543424392008274
TRST.OQ,2019,0.23474827483409733
UBFO.OQ,2019,0.17644661593410324
UBSI.OQ,2019,0.22328262599389567
UCB.N,2019,0.3010595944730247
UMBF.OQ,2019,0.2307728851883294
UNB.OQ,2019,0.3737937388522139
UNTY.OQ,2019,0.33658998331493184
USB.N,2019,0.23225520353616663
UVSP.OQ,2019,0.2299922220090099
VBTX.OQ,2019,0.3353279370099742
VLY.OQ,2019,0.24626699883048492
WABC.OQ,2019,0.18120211883120463
WAL.N,2019,0.35321610554823324
WASH.OQ,2019,0.20891266474429437
WBS.N,2019,0.341471092712439
WFC.N,2019,0.1708354070139158
WNEB.OQ,2019,0.1725852204930472
WSBC.OQ,2019,0.24743587900858754
WSBF.OQ,2019,0.13705646366380606
WSFS.OQ,2019,0.24786130714553864
WTBA.OQ,2019,0.2037600036560945
WTFC.OQ,2019,0.2785815666175569
ZION.OQ,2019,0.31809144395710726
ABCB.N,2020,0.5301279579505466
ACNB.OQ,2020,0.3609190780857662
AROW.OQ,2020,0.2614839206902719
ASB.N,2020,0.39715456809658684
ATLO.OQ,2020,0.3790111663635861
AUBN.OQ,2020,0.5211983042776888
BAC.N,2020,0.40940508046099183
BANC.N,2020,0.6549879256553353
BANF.OQ,2020,0.513310446768288
BANR.OQ,2020,0.45411181627725933
BCBP.OQ,2020,0.30759540192766516
BFIN.OQ,2020,0.3382177224843364
BHB.A,2020,0.3370883726127284
BHLB.N,2020,0.7489737793027389
BKU.N,2020,0.5633425671617288
BMRC.OQ,2020,0.34140998185046295
BOH.N,2020,0.5401943358186249
BOKF.OQ,2020,0.5639004278614311
BRKL.OQ,2020,0.3761414270594121
BSRR.OQ,2020,0.4390073202844827
BUSE.OQ,2020,0.38539693929559565
BWFG.OQ,2020,0.5594571654857454
CAC.OQ,2020,0.3241997836438724
CADE.N,2020,0.44321522137749697
CATY.OQ,2020,0.496638032404985
CBAN.N,2020,0.3201878136972027
CBFV.OQ,2020,0.5053589246153295
CBSH.OQ,2020,0.3546165146478403
CBU.N,2020,0.2164362843849417
CCBG.OQ,2020,0.38108641992460385
CCNE.OQ,2020,0.4216001911805259
CFFI.OQ,2020,0.34918920788321123
CFG.N,2020,0.5678844679773759
CFR.N,2020,0.5220718555689784
CHCO.OQ,2020,0.2200382274403252
CHMG.OQ,2020,0.3744351265231226
CIVB.OQ,2020,0.4006597974304168
CMA.N,2020,0.6083995988788686
CNOB.OQ,2020,0.5226151021488502
COLB.OQ,2020,0.4494087541282704
CPF.N,2020,0.4916310754004143
CTBI.OQ,2020,0.3358749860685707
CUBI.N,2020,0.6681529366615279
CVBF.OQ,2020,0.2223026445849554
CZNC.OQ,2020,0.31391372678645213
DCOM.OQ,2020,0.45105701296891126
DFS.N,2020,0.6436541009411944
EBMT.OQ,2020,0.3050846950444935
EBTC.OQ,2020,0.27089875066042035
EFSC.OQ,2020,0.4115053116748828
EGBN.OQ,2020,0.4605630199079984
EVBN.A,2020,0.4864634756782335
EWBC.OQ,2020,0.6297313270620374
FBIZ.OQ,2020,0.47427318261230345
FBNC.OQ,2020,0.5504360080159815
FCAP.OQ,2020,0.4850831734136163
FCBC.OQ,2020,0.2667218248012359
FCCO.OQ,2020,0.3504568314172047
FCF.N,2020,0.39389666818414154
FCNCA.OQ,2020,0.6481429442169175
FFBC.OQ,2020,0.45681983594619086
FFIC.OQ,2020,0.47981530627520996
FFIN.OQ,2020,0.2854095410030626
FGBI.OQ,2020,0.4108997338917808
FHN.N,2020,0.5268050729866001
FISI.OQ,2020,0.5442186663842972
FITB.OQ,2020,0.5473666539581344
FLG.N,2020,0.35835664144378154
FLIC.OQ,2020,0.2856377434360875
FMBH.OQ,2020,0.3509956956258512
FMNB.OQ,2020,0.3156902914910881
FNB.N,2020,0.4278663769304311
FNLC.OQ,2020,0.25536336477072874
FNWB.OQ,2020,0.5894865254474249
FRBA.OQ,2020,0.5059921968796472
FRBKQ.PK,2020,0.6415952756108403
FRCB.PK,2020,0.4161295914770141
FRME.OQ,2020,0.4809659253304617
FRST.OQ,2020,0.420009846253163
FSBW.OQ,2020,0.43875654206298187
FULT.OQ,2020,0.356533348117993
FUNC.OQ,2020,0.5265576631658985
GABC.OQ,2020,0.25383439698257204
GBCI.N,2020,0.37057690624854195
GSBC.OQ,2020,0.3624072160637081
HAFC.OQ,2020,0.5286614451177652
HBAN.OQ,2020,0.4591514634050674
HBCP.OQ,2020,0.3754804934409614
HBNC.OQ,2020,0.5617089025907824
HFWA.OQ,2020,0.3032342269797753
HIFS.OQ,2020,0.31041844833834575
HMST.OQ,2020,0.3958568053385234
HOMB.N,2020,0.4830558674257938
HOPE.OQ,2020,0.517954984011708
HTBK.OQ,2020,0.4256373930215269
HTH.N,2020,0.4735216863664696
HWBK.OQ,2020,0.3475754517352477
HWC.OQ,2020,0.6384960410346378
IBCP.OQ,2020,0.5237066185883844
IBOC.OQ,2020,0.4347232971629489
INBK.OQ,2020,0.6562082554638347
INDB.OQ,2020,0.36506922010005854
ISTR.OQ,2020,0.49523504998212475
JPM.N,2020,0.36844612175175356
KEY.N,2020,0.4911018296847608
LARK.OQ,2020,0.30663338714024446
LCNB.OQ,2020,0.43445882436377337
LKFN.OQ,2020,0.38246114304173545
MBWM.OQ,2020,0.48243458698640546
MFIN.OQ,2020,1.4627898266044588
MOFG.OQ,2020,0.41304924663433557
MPB.OQ,2020,0.3461526510575486
MTB.N,2020,0.41366318499289817
NBHC.N,2020,0.33811392134646384
NBTB.OQ,2020,0.22988748084684826
NFBK.OQ,2020,0.3656921826521714
NKSH.OQ,2020,0.2801504668745985
NRIM.OQ,2020,0.4083846927652371
NWBI.OQ,2020,0.33930739593852105
NWFL.OQ,2020,0.30404820945183214
OCFC.OQ,2020,0.40596439372555404
ONB.OQ,2020,0.3160748809752932
OPOF.OQ,2020,0.48270247761237667
ORRF.OQ,2020,0.41212963904993966
OSBC.OQ,2020,0.5096886708107136
OVBC.OQ,2020,0.3846719122154338
OVLY.OQ,2020,0.48279733280659415
OZK.OQ,2020,0.5932745837727189
PB.N,2020,0.4521173785022952
PEBK.OQ,2020,0.5862658590305263
PEBO.OQ,2020,0.4075912634394022
PFBC.OQ,2020,0.6262719427066262
PFIS.OQ,2020,0.26140123056738895
PFS.N,2020,0.5189980743546678
PGC.OQ,2020,0.5370514508258819
PKBK.OQ,2020,0.42087953266439154
PLBC.OQ,2020,0.3896696548090005
PNC.N,2020,0.4348054111510514
PNFP.OQ,2020,0.5457063477992624
PPBI.OQ,2020,0.5003954179874144
PRK.A,2020,0.35538512006903394
PVBC.OQ,2020,0.416397558284085
PWOD.OQ,2020,0.37826353532358287
QCRH.OQ,2020,0.43392386686264717
RBCAA.OQ,2020,0.3087914178438978
RF.N,2020,0.5057550032655626
SBCF.OQ,2020,0.5355680813167785
SBFG.OQ,2020,0.6498031595943496
SBNY.PK,2020,0.7187541423299676
SBSI.N,2020,0.23776846460261164
SFNC.OQ,2020,0.3172257250573616
SFST.OQ,2020,0.4137323537061168
SHBI.OQ,2020,0.5187670891978962
SNV.N,2020,0.6222139512432726
SRCE.OQ,2020,0.36115263803073444
STBA.OQ,2020,0.38499577295308646
SYBT.OQ,2020,0.42600667537044273
TBBK.OQ,2020,0.7030482429857771
TCBI.OQ,2020,0.8384073907623854
TCBK.OQ,2020,0.35443449008675915
TFC.N,2020,0.46401149525650076
TFIN.OQ,2020,0.5077904827601278
THFF.OQ,2020,0.28597833967323183
TMP.A,2020,0.28024127709688745
TOWN.OQ,2020,0.4038244015888448
TRMK.OQ,2020,0.35725089222674117
TRST.OQ,2020,0.3927708392579183
UBFO.OQ,2020,0.35899181368018673
UBSI.OQ,2020,0.5510253715534993
UCB.N,2020,0.5208492985658087
UMBF.OQ,2020,0.40983569169879136
UNB.OQ,2020,0.5037742230399781
UNTY.OQ,2020,0.6138806997132394
USB.N,2020,0.3652875790899461
UVSP.OQ,2020,0.43993491926654515
VBTX.OQ,2020,0.6135577648533789
VLY.OQ,2020,0.4105245644537587
WABC.OQ,2020,0.20232953488632693
WAL.N,2020,0.63003364810033
WASH.OQ,2020,0.3578957377163454
WBS.N,2020,0.6237928388400976
WFC.N,2020,0.47954544235666846
WNEB.OQ,2020,0.397945582096007
WSBC.OQ,2020,0.4197328551645581
WSBF.OQ,2020,0.19940229975428822
WSFS.OQ,2020,0.5177164317555859
WTBA.OQ,2020,0.3742752533172513
WTFC.OQ,2020,0.6144371989634433
ZION.OQ,2020,0.5224366893027133
ABCB.N,2021,0.2737860274905199
ACNB.OQ,2021,0.16972927626845305
AROW.OQ,2021,0.1434677752794519
ASB.N,2021,0.1983655079729762
ATLO.OQ,2021,0.1648459772710506
AUBN.OQ,2021,0.1519104076044775
BAC.N,2021,0.26940487972070126
BANC.N,2021,0.20833864604614125
BANF.OQ,2021,0.2652684942642023
BANR.OQ,2021,0.232958568945784
BCBP.OQ,2021,0.2188997645789685
BFIN.OQ,2021,0.1779787971399314
BHB.A,2021,0.33679217955567775
BHLB.N,2021,0.33930845787239905
BKU.N,2021,0.25761497161761354
BMRC.OQ,2021,0.23085304955374922
BOH.N,2021,0.16604805797737318
BOKF.OQ,2021,0.21495581841510783
BRKL.OQ,2021,0.21909609485176484
BSRR.OQ,2021,0.23547668180076253
BUSE.OQ,2021,0.21509887303789924
BWFG.OQ,2021,0.2787168415190199
CAC.OQ,2021,0.21743471807357534
CADE.N,2021,0.24625810840651105
CATY.OQ,2021,0.16596585027371755
CBAN.N,2021,0.22796654848629883
CBFV.OQ,2021,0.20161736115565654
CBSH.OQ,2021,0.1420150658385836
CBU.N,2021,0.19725549965630093
CCBG.OQ,2021,0.22181519552531154
CCNE.OQ,2021,0.16598931239881004
CFFI.OQ,2021,0.2134791265326327
CFG.N,2021,0.2513973310714195
CFR.N,2021,0.21415366517036194
CHCO.OQ,2021,0.1634744000524094
CHMG.OQ,2021,0.2236855099854595
CIVB.OQ,2021,0.24346561081677767
CMA.N,2021,0.24613434270281884
CNOB.OQ,2021,0.1936498204699649
COLB.OQ,2021,0.2640832675166306
CPF.N,2021,0.23762084339628037
CTBI.OQ,2021,0.18896766738283785
CUBI.N,2021,0.3158234096399383
CVBF.OQ,2021,0.22429374714973319
CZNC.OQ,2021,0.17469457731688767
DCOM.OQ,2021,0.24000458555536716
DFS.N,2021,0.28613022197113563
EBMT.OQ,2021,0.18044921963731012
EBTC.OQ,2021,0.21674639138111482
EFSC.OQ,2021,0.27258742226699745
EGBN.OQ,2021,0.18007982037969483
EVBN.A,2021,0.14147381418214108
EWBC.OQ,2021,0.2675741887883204
FBIZ.OQ,2021,0.17400529505704204
FBNC.OQ,2021,0.2681124932583364
FCAP.OQ,2021,0.20673044877930727
FCBC.OQ,2021,0.25918408637157603
FCCO.OQ,2021,0.1830273725888979
FCF.N,2021,0.23080943632290238
FCNCA.OQ,2021,0.32204541004944676
FFBC.OQ,2021,0.2615465890840049
FFIC.OQ,2021,0.20564411726182824
FFIN.OQ,2021,0.21493627248503921
FGBI.OQ,2021,0.20960173706833785
FHN.N,2021,0.27107408834808744
FISI.OQ,2021,0.25006420256544687
FITB.OQ,2021,0.2635611966468266
FLG.N,2021,0.22918138051967485
FLIC.OQ,2021,0.21875560923458526
FMBH.OQ,2021,0.23841313669103287
FMNB.OQ,2021,0.2735712937023335
FNB.N,2021,0.24691069436037869
FNLC.OQ,2021,0.21834869818544553
FNWB.OQ,2021,0.27601934460554794
FRBA.OQ,2021,0.23884064219359694
FRBKQ.PK,2021,0.34921711694796803
FRCB.PK,2021,0.20676895423469976
FRME.OQ,2021,0.20521600000214454
FRST.OQ,2021,0.19486116575631704
FSBW.OQ,2021,0.18951083806341795
FULT.OQ,2021,0.2303429781596967
FUNC.OQ,2021,0.196623559321182
GABC.OQ,2021,0.28299575033128266
GBCI.N,2021,0.2035624275129989
GSBC.OQ,2021,0.14133512403506054
HAFC.OQ,2021,0.3387729995716282
HBAN.OQ,2021,0.23817680067173105
HBCP.OQ,2021,0.2182985432294079
HBNC.OQ,2021,0.17976959000982443
HFWA.OQ,2021,0.2262120920086049
HIFS.OQ,2021,0.1928924656368945
HMST.OQ,2021,0.302358089060943
HOMB.N,2021,0.28424963633310185
HOPE.OQ,2021,0.25297357570239093
HTBK.OQ,2021,0.33365360228845203
HTH.N,2021,0.2293799476117712
HWBK.OQ,2021,0.24181566774271732
HWC.OQ,2021,0.22085803255443623
IBCP.OQ,2021,0.21475887910196417
IBOC.OQ,2021,0.22402978631292322
INBK.OQ,2021,0.316242467524692
INDB.OQ,2021,0.24191938749251274
ISTR.OQ,2021,0.28489315712018237
JPM.N,2021,0.19395837368897229
KEY.N,2021,0.26505009259085366
LARK.OQ,2021,0.15547703584311173
LCNB.OQ,2021,0.1878452086222209
LKFN.OQ,2021,0.2577639961068576
MBWM.OQ,2021,0.16837624538821747
MFIN.OQ,2021,0.5680275372198591
MOFG.OQ,2021,0.1982532504289632
MPB.OQ,2021,0.1970752043971296
MTB.N,2021,0.21860385560762774
NBHC.N,2021,0.21276922622072075
NBTB.OQ,2021,0.19098378145214404
NFBK.OQ,2021,0.2067617536027709
NKSH.OQ,2021,0.11214295699590328
NRIM.OQ,2021,0.2665838082949663
NWBI.OQ,2021,0.15486887721085157
NWFL.OQ,2021,0.10789863612876406
OCFC.OQ,2021,0.28935634965102947
ONB.OQ,2021,0.1725885537517456
OPOF.OQ,2021,0.25868364266339755
ORRF.OQ,2021,0.2223907575131753
OSBC.OQ,2021,0.31903621012386363
OVBC.OQ,2021,0.2132662338916231
OVLY.OQ,2021,0.14394028137564333
OZK.OQ,2021,0.21115775697335623
PB.N,2021,0.15517171557330212
PEBK.OQ,2021,0.23615348489055288
PEBO.OQ,2021,0.18843029523651994
PFBC.OQ,2021,0.2647501261169396
PFIS.OQ,2021,0.19450464753925503
PFS.N,2021,0.2147369554368518
PGC.OQ,2021,0.21190240166617225
PKBK.OQ,2021,0.20947465722651412
PLBC.OQ,2021,0.31523005362138395
PNC.N,2021,0.22521880100341948
PNFP.OQ,2021,0.2162494418564835
PPBI.OQ,2021,0.29214400276915986
PRK.A,2021,0.19267983637599362
PVBC.OQ,2021,0.2489308504116981
PWOD.OQ,2021,0.23448107788825742
QCRH.OQ,2021,0.16613284219508978
RBCAA.OQ,2021,0.18613731836798258
RF.N,2021,0.3118012689377988
SBCF.OQ,2021,0.27287571613760564
SBFG.OQ,2021,0.16403967026656827
SBNY.PK,2021,0.37932077151407023
SBSI.N,2021,0.22219390338454625
SFNC.OQ,2021,0.2646167743303128
SFST.OQ,2021,0.18475359426133384
SHBI.OQ,2021,0.2222119635423407
SNV.N,2021,0.26088347875740886
SRCE.OQ,2021,0.18552169542376237
STBA.OQ,2021,0.2440246848651191
SYBT.OQ,2021,0.22255644950399167
TBBK.OQ,2021,0.38097678615665553
TCBI.OQ,2021,0.34998547924235207
TCBK.OQ,2021,0.2642447682111982
TFC.N,2021,0.2520885430042251
TFIN.OQ,2021,0.457624526653242
THFF.OQ,2021,0.17437729131387175
TMP.A,2021,0.22053710374946126
TOWN.OQ,2021,0.2573686947839164
TRMK.OQ,2021,0.20469009807787775
TRST.OQ,2021,0.22568323706180876
UBFO.OQ,2021,0.1605250377299273
UBSI.OQ,2021,0.23749458504978402
UCB.N,2021,0.22480838307550244
UMBF.OQ,2021,0.20754032142077286
UNB.OQ,2021,0.2243210955036169
UNTY.OQ,2021,0.18694097153721534
USB.N,2021,0.2597750956887349
UVSP.OQ,2021,0.23838723420403546
VBTX.OQ,2021,0.20605128626903083
VLY.OQ,2021,0.24200136316244386
WABC.OQ,2021,0.1571493409794887
WAL.N,2021,0.396499922564576
WASH.OQ,2021,0.19914126588575437
WBS.N,2021,0.27411069449094394
WFC.N,2021,0.2775721972131549
WNEB.OQ,2021,0.32914171781864343
WSBC.OQ,2021,0.25347331029190134
WSBF.OQ,2021,0.09578887677890398
WSFS.OQ,2021,0.3323963538719843
WTBA.OQ,2021,0.14834650361456783
WTFC.OQ,2021,0.2640524301650454
ZION.OQ,2021,0.24723792201720138
ABCB.N,2022,0.341804434940883
ACNB.OQ,2022,0.3566801362817403
AROW.OQ,2022,0.26725041860669857
ASB.N,2022,0.3264027051864255
ATLO.OQ,2022,0.09967030816103603
AUBN.OQ,2022,0.2195045631460653
BAC.N,2022,0.36639489105771367
BANC.N,2022,0.1619140166115535
BANF.OQ,2022,0.3140524749955405
BANR.OQ,2022,0.3514205995637159
BCBP.OQ,2022,0.32989723527617526
BFIN.OQ,2022,0.13521418730073412
BHB.A,2022,0.24975469842567932
BHLB.N,2022,0.26916881777740803
BKU.N,2022,0.29779568884042734
BMRC.OQ,2022,0.2803275089660398
BOH.N,2022,0.19700895006361063
BOKF.OQ,2022,0.37026025598462836
BRKL.OQ,2022,0.2742252858082209
BSRR.OQ,2022,0.21298897629474023
BUSE.OQ,2022,0.2920478674737809
BWFG.OQ,2022,0.19886983464316796
CAC.OQ,2022,0.11198827643740003
CADE.N,2022,0.31345084056271244
CATY.OQ,2022,0.29779843740346684
CBAN.N,2022,0.20155671116160465
CBFV.OQ,2022,0.14040453002741554
CBSH.OQ,2022,0.153909695579548
CBU.N,2022,0.17074876076664477
CCBG.OQ,2022,0.25398984229307203
CCNE.OQ,2022,0.18441776953707925
CFFI.OQ,2022,0.18860597637717635
CFG.N,2022,0.35528265159609634
CFR.N,2022,0.2916684056444938
CHCO.OQ,2022,0.20788361990824852
CHMG.OQ,2022,0.19560489995124172
CIVB.OQ,2022,0.21658493034677764
CMA.N,2022,0.2320765060342769
CNOB.OQ,2022,0.2501096846908508
COLB.OQ,2022,0.31068723203486337
CPF.N,2022,0.22999048034808217
CTBI.OQ,2022,0.2212622277104072
CUBI.N,2022,0.4007268681424679
CVBF.OQ,2022,0.2189321701674274
CZNC.OQ,2022,0.10563503177755668
DCOM.OQ,2022,0.31383306226798297
DFS.N,2022,0.31288345770191933
EBMT.OQ,2022,0.11805102559438044
EBTC.OQ,2022,0.2315654170044144
EFSC.OQ,2022,0.31661722305714085
EGBN.OQ,2022,0.1695913229676456
EVBN.A,2022,0.19245656730730193
EWBC.OQ,2022,0.2706283957779683
FBIZ.OQ,2022,0.2795270248926683
FBNC.OQ,2022,0.3322446574935135
FCAP.OQ,2022,0.2889642145758466
FCBC.OQ,2022,0.2593228386933297
FCCO.OQ,2022,0.18982902857033868
FCF.N,2022,0.25163444881083136
FCNCA.OQ,2022,0.2945788720723699
FFBC.OQ,2022,0.3501085406873437
FFIC.OQ,2022,0.17352253774237578
FFIN.OQ,2022,0.218024340104712
FGBI.OQ,2022,0.3930569866520458
FHN.N,2022,0.3812458989652168
FISI.OQ,2022,0.15349248496004161
FITB.OQ,2022,0.2950057215324198
FLG.N,2022,0.3247078712333779
FLIC.OQ,2022,0.2872668562570782
FMBH.OQ,2022,0.21706280469564676
FMNB.OQ,2022,0.2070470645698277
FNB.N,2022,0.3419455322356369
FNLC.OQ,2022,0.19489146806913413
FNWB.OQ,2022,0.2658705056624959
FRBA.OQ,2022,0.23018872421734637
FRBKQ.PK,2022,0.40901522365514403
FRCB.PK,2022,0.288363512763886
FRME.OQ,2022,0.310752577036099
FRST.OQ,2022,0.11644817372019511
FSBW.OQ,2022,0.24430666205265025
FULT.OQ,2022,0.3047601206408282
FUNC.OQ,2022,0.3240088741062616
GABC.OQ,2022,0.24183340358644137
GBCI.N,2022,0.30323918272375233
GSBC.OQ,2022,0.15965885370910704
HAFC.OQ,2022,0.27553415549062854
HBAN.OQ,2022,0.2921895252690181
HBCP.OQ,2022,0.22446033759091377
HBNC.OQ,2022,0.2594136415035022
HFWA.OQ,2022,0.3170006859935851
HIFS.OQ,2022,0.30125373139957945
HMST.OQ,2022,0.2919477403117947
HOMB.N,2022,0.2589577363354253
HOPE.OQ,2022,0.2769967299444277
HTBK.OQ,2022,0.32719289052087824
HTH.N,2022,0.3563360229574066
HWBK.OQ,2022,0.1573403336977119
HWC.OQ,2022,0.3503119958493798
IBCP.OQ,2022,0.29580751426222085
IBOC.OQ,2022,0.2737277729148451
INBK.OQ,2022,0.2839218360703075
INDB.OQ,2022,0.25415331675176694
ISTR.OQ,2022,0.2019129083296816
JPM.N,2022,0.35445621526096904
KEY.N,2022,0.3097797907697085
LARK.OQ,2022,0.10476519542272796
LCNB.OQ,2022,0.19960035504865775
LKFN.OQ,2022,0.27970881275277704
MBWM.OQ,2022,0.3115893802321828
MFIN.OQ,2022,0.44598705211149203
MOFG.OQ,2022,0.33007679556165603
MPB.OQ,2022,0.265940243005187
MTB.N,2022,0.29351737180161824
NBHC.N,2022,0.32719402641113804
NBTB.OQ,2022,0.294538033900215
NFBK.OQ,2022,0.23087457969036593
NKSH.OQ,2022,0.174057719555773
NRIM.OQ,2022,0.2496156319350528
NWBI.OQ,2022,0.21851505779715863
NWFL.OQ,2022,0.20647766094329473
OCFC.OQ,2022,0.3108567226820829
ONB.OQ,2022,0.32382001611853994
OPOF.OQ,2022,0.40679601983585434
ORRF.OQ,2022,0.22909194000023667
OSBC.OQ,2022,0.3343319184485991
OVBC.OQ,2022,0.11462133300146198
OVLY.OQ,2022,0.2127854880877541
OZK.OQ,2022,0.2733709943876012
PB.N,2022,0.22460260850741215
PEBK.OQ,2022,0.20285486609555275
PEBO.OQ,2022,0.2568512086975723
PFBC.OQ,2022,0.26151386846704616
PFIS.OQ,2022,0.26839005939488303
PFS.N,2022,0.2709123279577341
PGC.OQ,2022,0.32036419013892437
PKBK.OQ,2022,0.2385924961373478
PLBC.OQ,2022,0.3272029677995246
PNC.N,2022,0.22613358534282796
PNFP.OQ,2022,0.27919899047727015
PPBI.OQ,2022,0.34695681100353876
PRK.A,2022,0.25996168337096687
PVBC.OQ,2022,0.4450402443235766
PWOD.OQ,2022,0.14025826854696036
QCRH.OQ,2022,0.17509106445051123
RBCAA.OQ,2022,0.3146878914662588
RF.N,2022,0.3025560303699455
SBCF.OQ,2022,0.24188030228424162
SBFG.OQ,2022,0.11233780726403575
SBNY.PK,2022,0.34980714108515787
SBSI.N,2022,0.15873691559049735
SFNC.OQ,2022,0.29511726941254096
SFST.OQ,2022,0.22653569819872635
SHBI.OQ,2022,0.2664600707001511
SNV.N,2022,0.3172909921775044
SRCE.OQ,2022,0.3137636923703805
STBA.OQ,2022,0.36119004403033445
SYBT.OQ,2022,0.3279646334734177
TBBK.OQ,2022,0.4997452785631206
TCBI.OQ,2022,0.26378811219392984
TCBK.OQ,2022,0.40375995906599865
TFC.N,2022,0.24550278748307594
TFIN.OQ,2022,0.5402792538100997
THFF.OQ,2022,0.14747327563305473
TMP.A,2022,0.22588442519652596
TOWN.OQ,2022,0.31124773372613823
TRMK.OQ,2022,0.2645571502528773
TRST.OQ,2022,0.2460980148952836
UBFO.OQ,2022,0.13708298602016028
UBSI.OQ,2022,0.2901920031461346
UCB.N,2022,0.3318936124311853
UMBF.OQ,2022,0.15554407602487866
UNB.OQ,2022,0.2043696379023251
UNTY.OQ,2022,0.26446018266617466
USB.N,2022,0.25534043794149053
UVSP.OQ,2022,0.26045739437047893
VBTX.OQ,2022,0.35488708243150374
VLY.OQ,2022,0.3160971292330003
WABC.OQ,2022,0.26541045807847974
WAL.N,2022,0.28140253327669834
WASH.OQ,2022,0.24547355057213077
WBS.N,2022,0.34422098262688844
WFC.N,2022,0.35905553259247674
WNEB.OQ,2022,0.2968025008955368
WSBC.OQ,2022,0.28478692811615086
WSBF.OQ,2022,0.2515594561590734
WSFS.OQ,2022,0.2985246997973035
WTBA.OQ,2022,0.2549554506245877
WTFC.OQ,2022,0.24744734969092766
ZION.OQ,2022,0.24246811360328943
ABCB.N,2023,0.5053229687624844
ACNB.OQ,2023,0.3200469908644122
AROW.OQ,2023,0.4827254053062735
ASB.N,2023,0.4423023524960266
ATLO.OQ,2023,0.28800491574008497
AUBN.OQ,2023,0.10233911202110982
BAC.N,2023,0.3318285713336272
BANC.N,2023,0.48010695159774214
BANF.OQ,2023,0.2605789145876372
BANR.OQ,2023,0.32922102990118607
BCBP.OQ,2023,0.39520170948121347
BFIN.OQ,2023,0.3075152662491097
BHB.A,2023,0.27127523627387157
BHLB.N,2023,0.3402141765927762
BKU.N,2023,0.7175469923346179
BMRC.OQ,2023,0.47786366201208935
BOH.N,2023,0.649532895295967
BOKF.OQ,2023,0.38471556867936957
BRKL.OQ,2023,0.46121935279515325
BSRR.OQ,2023,0.3949192715129112
BUSE.OQ,2023,0.3078646219853381
BWFG.OQ,2023,0.3071364222209407
CAC.OQ,2023,0.34950463986160113
CADE.N,2023,0.4902030485021899
CATY.OQ,2023,0.4134013946714813
CBAN.N,2023,0.36934126318884736
CBFV.OQ,2023,0.27984524398272254
CBSH.OQ,2023,0.3172811735652145
CBU.N,2023,0.37298050220376155
CCBG.OQ,2023,0.26964101060304213
CCNE.OQ,2023,0.3250097201988791
CFFI.OQ,2023,0.2663188285080752
CFG.N,2023,0.5504710987786091
CFR.N,2023,0.3136054525541515
CHCO.OQ,2023,0.23252082635377497
CHMG.OQ,2023,0.3479829585292116
CIVB.OQ,2023,0.37838193705242756
CMA.N,2023,0.6596284961162149
CNOB.OQ,2023,0.5670319441059746
COLB.OQ,2023,0.41548071928735975
CPF.N,2023,0.3906155830340359
CTBI.OQ,2023,0.26145597346378324
CUBI.N,2023,0.7465904577710584
CVBF.OQ,2023,0.6457632114315924
CZNC.OQ,2023,0.2887789668713378
DCOM.OQ,2023,0.6122045658201516
DFS.N,2023,0.4257296649332918
EBMT.OQ,2023,0.37577253008648864
EBTC.OQ,2023,0.3204804179944633
EFSC.OQ,2023,0.32018071010699056
EGBN.OQ,2023,0.6831030710459028
EVBN.A,2023,0.42698684735125275
EWBC.OQ,2023,0.49657199376808475
FBIZ.OQ,2023,0.34414904809778823
FBNC.OQ,2023,0.3480233016593628
FCAP.OQ,2023,0.4527643512041743
FCBC.OQ,2023,0.3813100524047662
FCCO.OQ,2023,0.38894088272013294
FCF.N,2023,0.36985186944873755
FCNCA.OQ,2023,0.40229655296245787
FFBC.OQ,2023,0.33728668311108634
FFIC.OQ,2023,0.5171596662949715
FFIN.OQ,2023,0.38144300747626425
FGBI.OQ,2023,0.4059828625954474
FHN.N,2023,0.6294036929490706
FISI.OQ,2023,0.45768819799567206
FITB.OQ,2023,0.4713467622711092
FLG.N,2023,0.4489571901257521
FLIC.OQ,2023,0.44859993701296025
FMBH.OQ,2023,0.38829213348590574
FMNB.OQ,2023,0.3068505978463052
FNB.N,2023,0.34739189957516936
FNLC.OQ,2023,0.24012898420811743
FNWB.OQ,2023,0.37110616425039183
FRBA.OQ,2023,0.4380896574471811
FRBKQ.PK,2023,1.3433220232371146
FRCB.PK,2023,2.975429915565291
FRME.OQ,2023,0.41124364732496044
FRST.OQ,2023,0.47747835763618335
FSBW.OQ,2023,0.3141214684733484
FULT.OQ,2023,0.41577881538765965
FUNC.OQ,2023,0.45016971084696605
GABC.OQ,2023,0.281698567708627
GBCI.N,2023,0.4278554470479348
GSBC.OQ,2023,0.27509271636118077
HAFC.OQ,2023,0.48819624046610127
HBAN.OQ,2023,0.4273987425785644
HBCP.OQ,2023,0.30254823984411505
HBNC.OQ,2023,0.5835590566805618
HFWA.OQ,2023,0.4360687200503396
HIFS.OQ,2023,0.43718674009954656
HMST.OQ,2023,1.2550565184903768
HOMB.N,2023,0.2510165823649004
HOPE.OQ,2023,0.5198200698752536
HTBK.OQ,2023,0.4742969662168574
HTH.N,2023,0.28273301019294844
HWBK.OQ,2023,0.4010086231585978
HWC.OQ,2023,0.4513892484072558
IBCP.OQ,2023,0.41791368163484544
IBOC.OQ,2023,0.30259647444018867
INBK.OQ,2023,0.855962492404363
INDB.OQ,2023,0.568245731161259
ISTR.OQ,2023,0.6564909563688436
JPM.N,2023,0.23751013171274252
KEY.N,2023,0.6130608835307424
LARK.OQ,2023,0.3035974269000444
LCNB.OQ,2023,0.3354014512550241
LKFN.OQ,2023,0.382436767444063
MBWM.OQ,2023,0.394585541631537
MFIN.OQ,2023,0.6255203998535426
MOFG.OQ,2023,0.47444712741284945
MPB.OQ,2023,0.3397411508179871
MTB.N,2023,0.37533085195086663
NBHC.N,2023,0.33597546824442437
NBTB.OQ,2023,0.36793173416197267
NFBK.OQ,2023,0.4928462025169663
NKSH.OQ,2023,0.41887632099739724
NRIM.OQ,2023,0.4885882534430625
NWBI.OQ,2023,0.31726008716926524
NWFL.OQ,2023,0.4166743358914729
OCFC.OQ,2023,0.5321538100612093
ONB.OQ,2023,0.4059283800045914
OPOF.OQ,2023,0.5185052510667104
ORRF.OQ,2023,0.41199124265491754
OSBC.OQ,2023,0.3745088069077903
OVBC.OQ,2023,0.12180654651428616
OVLY.OQ,2023,0.3221394248229357
OZK.OQ,2023,0.4584165895261239
PB.N,2023,0.314197811661866
PEBK.OQ,2023,0.5486472390433116
PEBO.OQ,2023,0.28976879249286774
PFBC.OQ,2023,0.4508316953631493
PFIS.OQ,2023,0.2852947552430693
PFS.N,2023,0.3923897903470462
PGC.OQ,2023,0.3568407911128793
PKBK.OQ,2023,0.321540849988902
PLBC.OQ,2023,0.3946243781147123
PNC.N,2023,0.39402255792865826
PNFP.OQ,2023,0.5781109166496482
PPBI.OQ,2023,0.5815142850943978
PRK.A,2023,0.3434958848416671
PVBC.OQ,2023,0.41508525204372976
PWOD.OQ,2023,0.2890431884149907
QCRH.OQ,2023,0.3988199103353332
RBCAA.OQ,2023,0.24600278449160828
RF.N,2023,0.4188518878853587
SBCF.OQ,2023,0.42639993751653466
SBFG.OQ,2023,0.27039892063835974
SBNY.PK,2023,31.167410160794198
SBSI.N,2023,0.4154058659359649
SFNC.OQ,2023,0.46478773910483934
SFST.OQ,2023,0.5112503400172623
SHBI.OQ,2023,0.3727188974000894
SNV.N,2023,0.49918193631657454
SRCE.OQ,2023,0.2836561389318144
STBA.OQ,2023,0.37860484772181385
SYBT.OQ,2023,0.35656116490858486
TBBK.OQ,2023,0.37815333847327604
TCBI.OQ,2023,0.44795733818802597
TCBK.OQ,2023,0.40628748463884035
TFC.N,2023,0.4235433079926048
TFIN.OQ,2023,0.36649465913048257
THFF.OQ,2023,0.3300152270040922
TMP.A,2023,0.314201878374958
TOWN.OQ,2023,0.2755629671251461
TRMK.OQ,2023,0.4883188656331241
TRST.OQ,2023,0.28735604157400607
UBFO.OQ,2023,0.2668416709732627
UBSI.OQ,2023,0.3525697873077791
UCB.N,2023,0.41433356409020283
UMBF.OQ,2023,0.5248898856327474
UNB.OQ,2023,0.2917170897033472
UNTY.OQ,2023,0.2785704928808843
USB.N,2023,0.49456482446269345
UVSP.OQ,2023,0.3699009014576607
VBTX.OQ,2023,0.4952733169233726
VLY.OQ,2023,0.5590026042848574
WABC.OQ,2023,0.43373608697807947
WAL.N,2023,0.860152376412773
WASH.OQ,2023,0.4914221409682945
WBS.N,2023,0.48594699429492266
WFC.N,2023,0.34218463852851577
WNEB.OQ,2023,0.42036777688321847
WSBC.OQ,2023,0.3493920109438354
WSBF.OQ,2023,0.31377164785002737
WSFS.OQ,2023,0.43638439775221044
WTBA.OQ,2023,0.3682713836328357
WTFC.OQ,2023,0.38924102222002
ZION.OQ,2023,0.7055352778404246
