symbol,year,fiscal_date,shares_outstanding
ABCB,2016,2016-12-31,68910896
ABCB,2017,2017-12-31,68910896
ABCB,2018,2018-12-31,68910896
ABCB,2019,2019-12-31,68910896
ABCB,2020,2020-12-31,68910896
ABCB,2021,2021-12-31,69609228
ABCB,2022,2022-12-31,69369050
ABCB,2023,2023-12-31,69053341
ACNB,2016,2016-12-31,10473700
ACNB,2017,2017-12-31,10473700
ACNB,2018,2018-12-31,10473700
ACNB,2019,2019-12-31,10473700
ACNB,2020,2020-12-31,10473700
ACNB,2021,2021-12-31,8679206
ACNB,2022,2022-12-31,8515120
ACNB,2023,2023-12-31,8511453
AROW,2016,2016-12-31,16478800
AROW,2017,2017-12-31,16478800
AROW,2018,2018-12-31,16478800
AROW,2019,2019-12-31,16478800
AROW,2020,2020-12-31,16478800
AROW,2021,2021-12-31,17017610
AROW,2022,2022-12-31,17048186
AROW,2023,2023-12-31,16942486
ASB,2016,2016-12-31,165810000
ASB,2017,2017-12-31,165810000
ASB,2018,2018-12-31,165810000
ASB,2019,2019-12-31,165810000
ASB,2020,2020-12-31,165810000
ASB,2021,2021-12-31,149342641
ASB,2022,2022-12-31,150444019
ASB,2023,2023-12-31,151036674
ATLO,2016,2016-12-31,8915560
ATLO,2017,2017-12-31,8915560
ATLO,2018,2018-12-31,8915560
ATLO,2019,2019-12-31,8915560
ATLO,2020,2020-12-31,8915560
ATLO,2021,2021-12-31,9092167
ATLO,2022,2022-12-31,8992167
ATLO,2023,2023-12-31,8992167
AUBN,2016,2016-12-31,3493700
AUBN,2017,2017-12-31,3493700
AUBN,2018,2018-12-31,3493700
AUBN,2019,2019-12-31,3493700
AUBN,2020,2020-12-31,3493700
AUBN,2021,2021-12-31,3520485
AUBN,2022,2022-12-31,3503452
AUBN,2023,2023-12-31,3493614
BAC,2016,2016-12-31,7531879936
BAC,2017,2017-12-31,7531879936
BAC,2018,2018-12-31,7531879936
BAC,2019,2019-12-31,7531879936
BAC,2020,2020-12-31,7531879936
BAC,2021,2021-12-31,8077831463
BAC,2022,2022-12-31,7996777943
BAC,2023,2023-12-31,7895457665
BANC,2016,2016-12-31,147140000
BANC,2017,2017-12-31,147140000
BANC,2018,2018-12-31,147140000
BANC,2019,2019-12-31,147140000
BANC,2020,2020-12-31,147140000
BANC,2021,2021-12-31,62665527
BANC,2022,2022-12-31,59021855
BANC,2023,2023-12-31,168097660
BANF,2016,2016-12-31,33242800
BANF,2017,2017-12-31,33242800
BANF,2018,2018-12-31,33242800
BANF,2019,2019-12-31,33242800
BANF,2020,2020-12-31,33242800
BANF,2021,2021-12-31,32603118
BANF,2022,2022-12-31,32875560
BANF,2023,2023-12-31,32933018
BANR,2016,2016-12-31,34580000
BANR,2017,2017-12-31,34580000
BANR,2018,2018-12-31,34580000
BANR,2019,2019-12-31,34580000
BANR,2020,2020-12-31,34580000
BANR,2021,2021-12-31,34252632
BANR,2022,2022-12-31,34194018
BANR,2023,2023-12-31,34348369
BCBP,2016,2016-12-31,17162600
BCBP,2017,2017-12-31,17162600
BCBP,2018,2018-12-31,17162600
BCBP,2019,2019-12-31,17162600
BCBP,2020,2020-12-31,17162600
BCBP,2021,2021-12-31,16940133
BCBP,2022,2022-12-31,16930979
BCBP,2023,2023-12-31,16904323
BFIN,2016,2016-12-31,12460700
BFIN,2017,2017-12-31,12460700
BFIN,2018,2018-12-31,12460700
BFIN,2019,2019-12-31,12460700
BFIN,2020,2020-12-31,12460700
BFIN,2021,2021-12-31,13228485
BFIN,2022,2022-12-31,12742597
BFIN,2023,2023-12-31,12475881
BHB,2016,2016-12-31,15321800
BHB,2017,2017-12-31,15321800
BHB,2018,2018-12-31,15321800
BHB,2019,2019-12-31,15321800
BHB,2020,2020-12-31,15321800
BHB,2021,2021-12-31,15001329
BHB,2022,2022-12-31,15082688
BHB,2023,2023-12-31,15172131
BHLB,2016,2016-12-31,46312000
BHLB,2017,2017-12-31,46312000
BHLB,2018,2018-12-31,46312000
BHLB,2019,2019-12-31,46312000
BHLB,2020,2020-12-31,46312000
BHLB,2021,2021-12-31,48667110
BHLB,2022,2022-12-31,44361222
BHLB,2023,2023-12-31,43500872
BKU,2016,2016-12-31,75211904
BKU,2017,2017-12-31,75211904
BKU,2018,2018-12-31,75211904
BKU,2019,2019-12-31,75211904
BKU,2020,2020-12-31,75211904
BKU,2021,2021-12-31,85647986
BKU,2022,2022-12-31,75674587
BKU,2023,2023-12-31,74372505
BMRC,2016,2016-12-31,16216100
BMRC,2017,2017-12-31,16216100
BMRC,2018,2018-12-31,16216100
BMRC,2019,2019-12-31,16216100
BMRC,2020,2020-12-31,16216100
BMRC,2021,2021-12-31,15929243
BMRC,2022,2022-12-31,16029138
BMRC,2023,2023-12-31,16158413
BOH,2016,2016-12-31,39734800
BOH,2017,2017-12-31,39734800
BOH,2018,2018-12-31,39734800
BOH,2019,2019-12-31,39734800
BOH,2020,2020-12-31,39734800
BOH,2021,2021-12-31,40253193
BOH,2022,2022-12-31,39835750
BOH,2023,2023-12-31,39753138
BOKF,2016,2016-12-31,64261800
BOKF,2017,2017-12-31,64261800
BOKF,2018,2018-12-31,64261800
BOKF,2019,2019-12-31,64261800
BOKF,2020,2020-12-31,64261800
BOKF,2021,2021-12-31,68467772
BOKF,2022,2022-12-31,66958634
BOKF,2023,2023-12-31,64967177
BRKL,2016,2016-12-31,89104600
BRKL,2017,2017-12-31,89104600
BRKL,2018,2018-12-31,89104600
BRKL,2019,2019-12-31,89104600
BRKL,2020,2020-12-31,89104600
BRKL,2021,2021-12-31,78139708
BRKL,2022,2022-12-31,76844232
BRKL,2023,2023-12-31,88894577
BSRR,2016,2016-12-31,13818800
BSRR,2017,2017-12-31,13818800
BSRR,2018,2018-12-31,13818800
BSRR,2019,2019-12-31,13818800
BSRR,2020,2020-12-31,13818800
BSRR,2021,2021-12-31,15270010
BSRR,2022,2022-12-31,15170372
BSRR,2023,2023-12-31,14793832
BUSE,2016,2016-12-31,89490496
BUSE,2017,2017-12-31,89490496
BUSE,2018,2018-12-31,89490496
BUSE,2019,2019-12-31,89490496
BUSE,2020,2020-12-31,89490496
BUSE,2021,2021-12-31,55434910
BUSE,2022,2022-12-31,55279124
BUSE,2023,2023-12-31,55244119
BWFG,2016,2016-12-31,7873390
BWFG,2017,2017-12-31,7873390
BWFG,2018,2018-12-31,7873390
BWFG,2019,2019-12-31,7873390
BWFG,2020,2020-12-31,7873390
BWFG,2021,2021-12-31,7803166
BWFG,2022,2022-12-31,7730699
BWFG,2023,2023-12-31,7882616
CAC,2016,2016-12-31,16902200
CAC,2017,2017-12-31,16902200
CAC,2018,2018-12-31,16902200
CAC,2019,2019-12-31,16902200
CAC,2020,2020-12-31,16902200
CAC,2021,2021-12-31,14739956
CAC,2022,2022-12-31,14567325
CAC,2023,2023-12-31,14565952
CADE,2016,2016-12-31,183524992
CADE,2017,2017-12-31,183524992
CADE,2018,2018-12-31,183524992
CADE,2019,2019-12-31,183524992
CADE,2020,2020-12-31,183524992
CADE,2021,2021-12-31,188337658
CADE,2022,2022-12-31,182437265
CADE,2023,2023-12-31,182871775
CATY,2016,2016-12-31,70133296
CATY,2017,2017-12-31,70133296
CATY,2018,2018-12-31,70133296
CATY,2019,2019-12-31,70133296
CATY,2020,2020-12-31,70133296
CATY,2021,2021-12-31,75750862
CATY,2022,2022-12-31,72742151
CATY,2023,2023-12-31,72668927
CBAN,2016,2016-12-31,17443400
CBAN,2017,2017-12-31,17443400
CBAN,2018,2018-12-31,17443400
CBAN,2019,2019-12-31,17443400
CBAN,2020,2020-12-31,17443400
CBAN,2021,2021-12-31,13673898
CBAN,2022,2022-12-31,17598123
CBAN,2023,2023-12-31,17564182
CBFV,2016,2016-12-31,4947180
CBFV,2017,2017-12-31,4947180
CBFV,2018,2018-12-31,4947180
CBFV,2019,2019-12-31,4947180
CBFV,2020,2020-12-31,4947180
CBFV,2021,2021-12-31,5260672
CBFV,2022,2022-12-31,5100189
CBFV,2023,2023-12-31,5119543
CBSH,2016,2016-12-31,133420000
CBSH,2017,2017-12-31,133420000
CBSH,2018,2018-12-31,133420000
CBSH,2019,2019-12-31,133420000
CBSH,2020,2020-12-31,133420000
CBSH,2021,2021-12-31,140864802
CBSH,2022,2022-12-31,138097757
CBSH,2023,2023-12-31,136975515
CBU,2016,2016-12-31,52851500
CBU,2017,2017-12-31,52851500
CBU,2018,2018-12-31,52851500
CBU,2019,2019-12-31,52851500
CBU,2020,2020-12-31,52851500
CBU,2021,2021-12-31,53878047
CBU,2022,2022-12-31,53737249
CBU,2023,2023-12-31,53327060
CCBG,2016,2016-12-31,17054900
CCBG,2017,2017-12-31,17054900
CCBG,2018,2018-12-31,17054900
CCBG,2019,2019-12-31,17054900
CCBG,2020,2020-12-31,17054900
CCBG,2021,2021-12-31,16892060
CCBG,2022,2022-12-31,16986785
CCBG,2023,2023-12-31,16950222
CCNE,2016,2016-12-31,20979300
CCNE,2017,2017-12-31,20979300
CCNE,2018,2018-12-31,20979300
CCNE,2019,2019-12-31,20979300
CCNE,2020,2020-12-31,20979300
CCNE,2021,2021-12-31,16855062
CCNE,2022,2022-12-31,21007189
CCNE,2023,2023-12-31,20896439
CFFI,2016,2016-12-31,3239140
CFFI,2017,2017-12-31,3239140
CFFI,2018,2018-12-31,3239140
CFFI,2019,2019-12-31,3239140
CFFI,2020,2020-12-31,3239140
CFFI,2021,2021-12-31,3545554
CFFI,2022,2022-12-31,3476614
CFFI,2023,2023-12-31,3374098
CFG,2016,2016-12-31,433648992
CFG,2017,2017-12-31,433648992
CFG,2018,2018-12-31,433648992
CFG,2019,2019-12-31,433648992
CFG,2020,2020-12-31,433648992
CFG,2021,2021-12-31,422137197
CFG,2022,2022-12-31,492282158
CFG,2023,2023-12-31,466418055
CFR,2016,2016-12-31,64287900
CFR,2017,2017-12-31,64287900
CFR,2018,2018-12-31,64287900
CFR,2019,2019-12-31,64287900
CFR,2020,2020-12-31,64287900
CFR,2021,2021-12-31,63986236
CFR,2022,2022-12-31,64354695
CFR,2023,2023-12-31,64185287
CHCO,2016,2016-12-31,14482500
CHCO,2017,2017-12-31,14482500
CHCO,2018,2018-12-31,14482500
CHCO,2019,2019-12-31,14482500
CHCO,2020,2020-12-31,14482500
CHCO,2021,2021-12-31,15061858
CHCO,2022,2022-12-31,14788149
CHCO,2023,2023-12-31,14831817
CHMG,2016,2016-12-31,4790850
CHMG,2017,2017-12-31,4790850
CHMG,2018,2018-12-31,4790850
CHMG,2019,2019-12-31,4790850
CHMG,2020,2020-12-31,4790850
CHMG,2021,2021-12-31,4673356
CHMG,2022,2022-12-31,4694628
CHMG,2023,2023-12-31,4737413
CIVB,2016,2016-12-31,15519100
CIVB,2017,2017-12-31,15519100
CIVB,2018,2018-12-31,15519100
CIVB,2019,2019-12-31,15519100
CIVB,2020,2020-12-31,15519100
CIVB,2021,2021-12-31,14954200
CIVB,2022,2022-12-31,15728234
CIVB,2023,2023-12-31,15695424
CMA,2016,2016-12-31,131413000
CMA,2017,2017-12-31,131413000
CMA,2018,2018-12-31,131413000
CMA,2019,2019-12-31,131413000
CMA,2020,2020-12-31,131413000
CMA,2021,2021-12-31,130687952
CMA,2022,2022-12-31,130966862
CMA,2023,2023-12-31,131898256
CNOB,2016,2016-12-31,50206600
CNOB,2017,2017-12-31,50206600
CNOB,2018,2018-12-31,50206600
CNOB,2019,2019-12-31,50206600
CNOB,2020,2020-12-31,50206600
CNOB,2021,2021-12-31,39568090
CNOB,2022,2022-12-31,39243123
CNOB,2023,2023-12-31,38519770
COLB,2016,2016-12-31,210207008
COLB,2017,2017-12-31,210207008
COLB,2018,2018-12-31,210207008
COLB,2019,2019-12-31,210207008
COLB,2020,2020-12-31,210207008
COLB,2021,2021-12-31,216625506
COLB,2022,2022-12-31,217054317
COLB,2023,2023-12-31,208584667
CPF,2016,2016-12-31,26975900
CPF,2017,2017-12-31,26975900
CPF,2018,2018-12-31,26975900
CPF,2019,2019-12-31,26975900
CPF,2020,2020-12-31,26975900
CPF,2021,2021-12-31,27714071
CPF,2022,2022-12-31,27025070
CPF,2023,2023-12-31,27045033
CTBI,2016,2016-12-31,18110900
CTBI,2017,2017-12-31,18110900
CTBI,2018,2018-12-31,18110900
CTBI,2019,2019-12-31,18110900
CTBI,2020,2020-12-31,18110900
CTBI,2021,2021-12-31,17843081
CTBI,2022,2022-12-31,17918280
CTBI,2023,2023-12-31,17999840
CUBI,2016,2016-12-31,31587800
CUBI,2017,2017-12-31,31587800
CUBI,2018,2018-12-31,31587800
CUBI,2019,2019-12-31,31587800
CUBI,2020,2020-12-31,31587800
CUBI,2021,2021-12-31,32913267
CUBI,2022,2022-12-31,32373697
CUBI,2023,2023-12-31,31440906
CVBF,2016,2016-12-31,137804992
CVBF,2017,2017-12-31,137804992
CVBF,2018,2018-12-31,137804992
CVBF,2019,2019-12-31,137804992
CVBF,2020,2020-12-31,137804992
CVBF,2021,2021-12-31,135526025
CVBF,2022,2022-12-31,139818703
CVBF,2023,2023-12-31,139344981
CZNC,2016,2016-12-31,15494600
CZNC,2017,2017-12-31,15494600
CZNC,2018,2018-12-31,15494600
CZNC,2019,2019-12-31,15494600
CZNC,2020,2020-12-31,15494600
CZNC,2021,2021-12-31,15759090
CZNC,2022,2022-12-31,15518819
CZNC,2023,2023-12-31,15295135
DCOM,2016,2016-12-31,43818600
DCOM,2017,2017-12-31,43818600
DCOM,2018,2018-12-31,43818600
DCOM,2019,2019-12-31,43818600
DCOM,2020,2020-12-31,43818600
DCOM,2021,2021-12-31,39877833
DCOM,2022,2022-12-31,38573000
DCOM,2023,2023-12-31,38822654
DFS,2016,2016-12-31,251652992
DFS,2017,2017-12-31,251652992
DFS,2018,2018-12-31,251652992
DFS,2019,2019-12-31,251652992
DFS,2020,2020-12-31,251652992
DFS,2021,2021-12-31,288328320
DFS,2022,2022-12-31,267383791
DFS,2023,2023-12-31,250102860
EBMT,2016,2016-12-31,7952180
EBMT,2017,2017-12-31,7952180
EBMT,2018,2018-12-31,7952180
EBMT,2019,2019-12-31,7952180
EBMT,2020,2020-12-31,7952180
EBMT,2021,2021-12-31,6794811
EBMT,2022,2022-12-31,8006033
EBMT,2023,2023-12-31,8016784
EBTC,2016,2016-12-31,12508400
EBTC,2017,2017-12-31,12508400
EBTC,2018,2018-12-31,12508400
EBTC,2019,2019-12-31,12508400
EBTC,2020,2020-12-31,12508400
EBTC,2021,2021-12-31,12038382
EBTC,2022,2022-12-31,12133516
EBTC,2023,2023-12-31,12272674
EFSC,2016,2016-12-31,36932700
EFSC,2017,2017-12-31,36932700
EFSC,2018,2018-12-31,36932700
EFSC,2019,2019-12-31,36932700
EFSC,2020,2020-12-31,36932700
EFSC,2021,2021-12-31,37819522
EFSC,2022,2022-12-31,37253292
EFSC,2023,2023-12-31,37416028
EGBN,2016,2016-12-31,30377400
EGBN,2017,2017-12-31,30377400
EGBN,2018,2018-12-31,30377400
EGBN,2019,2019-12-31,30377400
EGBN,2020,2020-12-31,30377400
EGBN,2021,2021-12-31,31950092
EGBN,2022,2022-12-31,31346903
EGBN,2023,2023-12-31,29925612
EVBN,2016,2016-12-31,5567380
EVBN,2017,2017-12-31,5567380
EVBN,2018,2018-12-31,5567380
EVBN,2019,2019-12-31,5567380
EVBN,2020,2020-12-31,5567380
EVBN,2021,2021-12-31,5482756
EVBN,2022,2022-12-31,5437048
EVBN,2023,2023-12-31,5499772
EWBC,2016,2016-12-31,137824992
EWBC,2017,2017-12-31,137824992
EWBC,2018,2018-12-31,137824992
EWBC,2019,2019-12-31,137824992
EWBC,2020,2020-12-31,137824992
EWBC,2021,2021-12-31,141907954
EWBC,2022,2022-12-31,140947846
EWBC,2023,2023-12-31,140027367
FBIZ,2016,2016-12-31,8318840
FBIZ,2017,2017-12-31,8318840
FBIZ,2018,2018-12-31,8318840
FBIZ,2019,2019-12-31,8318840
FBIZ,2020,2020-12-31,8318840
FBIZ,2021,2021-12-31,8457564
FBIZ,2022,2022-12-31,8362085
FBIZ,2023,2023-12-31,8314778
FBNC,2016,2016-12-31,41420200
FBNC,2017,2017-12-31,41420200
FBNC,2018,2018-12-31,41420200
FBNC,2019,2019-12-31,41420200
FBNC,2020,2020-12-31,41420200
FBNC,2021,2021-12-31,35629177
FBNC,2022,2022-12-31,35704154
FBNC,2023,2023-12-31,41109987
FCAP,2016,2016-12-31,3355350
FCAP,2017,2017-12-31,3355350
FCAP,2018,2018-12-31,3355350
FCAP,2019,2019-12-31,3355350
FCAP,2020,2020-12-31,3355350
FCAP,2021,2021-12-31,3373095
FCAP,2022,2022-12-31,3371362
FCAP,2023,2023-12-31,3350660
FCBC,2016,2016-12-31,18279100
FCBC,2017,2017-12-31,18279100
FCBC,2018,2018-12-31,18279100
FCBC,2019,2019-12-31,18279100
FCBC,2020,2020-12-31,18279100
FCBC,2021,2021-12-31,16878220
FCBC,2022,2022-12-31,16225399
FCBC,2023,2023-12-31,18502396
FCCO,2016,2016-12-31,7681600
FCCO,2017,2017-12-31,7681600
FCCO,2018,2018-12-31,7681600
FCCO,2019,2019-12-31,7681600
FCCO,2020,2020-12-31,7681600
FCCO,2021,2021-12-31,7548638
FCCO,2022,2022-12-31,7577912
FCCO,2023,2023-12-31,7606172
FCF,2016,2016-12-31,104939000
FCF,2017,2017-12-31,104939000
FCF,2018,2018-12-31,104939000
FCF,2019,2019-12-31,104939000
FCF,2020,2020-12-31,104939000
FCF,2021,2021-12-31,94233152
FCF,2022,2022-12-31,93376314
FCF,2023,2023-12-31,102114664
FCNCA,2016,2016-12-31,12283700
FCNCA,2017,2017-12-31,12283700
FCNCA,2018,2018-12-31,12283700
FCNCA,2019,2019-12-31,12283700
FCNCA,2020,2020-12-31,12283700
FCNCA,2021,2021-12-31,9816405
FCNCA,2022,2022-12-31,14506202
FCNCA,2023,2023-12-31,14520118
FFBC,2016,2016-12-31,95736200
FFBC,2017,2017-12-31,95736200
FFBC,2018,2018-12-31,95736200
FFBC,2019,2019-12-31,95736200
FFBC,2020,2020-12-31,95736200
FFBC,2021,2021-12-31,94149240
FFBC,2022,2022-12-31,94891099
FFBC,2023,2023-12-31,95141244
FFIC,2016,2016-12-31,33777000
FFIC,2017,2017-12-31,33777000
FFIC,2018,2018-12-31,33777000
FFIC,2019,2019-12-31,33777000
FFIC,2020,2020-12-31,33777000
FFIC,2021,2021-12-31,30526353
FFIC,2022,2022-12-31,29476391
FFIC,2023,2023-12-31,28865810
FFIN,2016,2016-12-31,143050000
FFIN,2017,2017-12-31,143050000
FFIN,2018,2018-12-31,143050000
FFIN,2019,2019-12-31,143050000
FFIN,2020,2020-12-31,143050000
FFIN,2021,2021-12-31,141595219
FFIN,2022,2022-12-31,141728661
FFIN,2023,2023-12-31,141786787
FGBI,2016,2016-12-31,12888400
FGBI,2017,2017-12-31,12888400
FGBI,2018,2018-12-31,12888400
FGBI,2019,2019-12-31,12888400
FGBI,2020,2020-12-31,12888400
FGBI,2021,2021-12-31,10716796
FGBI,2022,2022-12-31,10716796
FGBI,2023,2023-12-31,12475424
FHN,2016,2016-12-31,507232992
FHN,2017,2017-12-31,507232992
FHN,2018,2018-12-31,507232992
FHN,2019,2019-12-31,507232992
FHN,2020,2020-12-31,507232992
FHN,2021,2021-12-31,533576766
FHN,2022,2022-12-31,537100615
FHN,2023,2023-12-31,558838694
FISI,2016,2016-12-31,20109700
FISI,2017,2017-12-31,20109700
FISI,2018,2018-12-31,20109700
FISI,2019,2019-12-31,20109700
FISI,2020,2020-12-31,20109700
FISI,2021,2021-12-31,15745453
FISI,2022,2022-12-31,15340001
FISI,2023,2023-12-31,15407406
FITB,2016,2016-12-31,667491968
FITB,2017,2017-12-31,667491968
FITB,2018,2018-12-31,667491968
FITB,2019,2019-12-31,667491968
FITB,2020,2020-12-31,667491968
FITB,2021,2021-12-31,682777664
FITB,2022,2022-12-31,683385880
FITB,2023,2023-12-31,681124810
FLG,2016,2016-12-31,415080000
FLG,2017,2017-12-31,415080000
FLG,2018,2018-12-31,415080000
FLG,2019,2019-12-31,415080000
FLG,2020,2020-12-31,415080000
FLG,2021,2021-12-31,155005214
FLG,2022,2022-12-31,227072444
FLG,2023,2023-12-31,240688789
FLIC,2016,2016-12-31,22679500
FLIC,2017,2017-12-31,22679500
FLIC,2018,2018-12-31,22679500
FLIC,2019,2019-12-31,22679500
FLIC,2020,2020-12-31,22679500
FLIC,2021,2021-12-31,23240596
FLIC,2022,2022-12-31,22443380
FLIC,2023,2023-12-31,22590942
FMBH,2016,2016-12-31,23989000
FMBH,2017,2017-12-31,23989000
FMBH,2018,2018-12-31,23989000
FMBH,2019,2019-12-31,23989000
FMBH,2020,2020-12-31,23989000
FMBH,2021,2021-12-31,18080303
FMBH,2022,2022-12-31,20452376
FMBH,2023,2023-12-31,23827137
FMNB,2016,2016-12-31,37640500
FMNB,2017,2017-12-31,37640500
FMNB,2018,2018-12-31,37640500
FMNB,2019,2019-12-31,37640500
FMNB,2020,2020-12-31,37640500
FMNB,2021,2021-12-31,33898236
FMNB,2022,2022-12-31,34055125
FMNB,2023,2023-12-31,37502773
FNB,2016,2016-12-31,359806016
FNB,2017,2017-12-31,359806016
FNB,2018,2018-12-31,359806016
FNB,2019,2019-12-31,359806016
FNB,2020,2020-12-31,359806016
FNB,2021,2021-12-31,318933492
FNB,2022,2022-12-31,360470110
FNB,2023,2023-12-31,358829417
FNLC,2016,2016-12-31,11202300
FNLC,2017,2017-12-31,11202300
FNLC,2018,2018-12-31,11202300
FNLC,2019,2019-12-31,11202300
FNLC,2020,2020-12-31,11202300
FNLC,2021,2021-12-31,10998765
FNLC,2022,2022-12-31,11045186
FNLC,2023,2023-12-31,11098057
FNWB,2016,2016-12-31,8923850
FNWB,2017,2017-12-31,8923850
FNWB,2018,2018-12-31,8923850
FNWB,2019,2019-12-31,8923850
FNWB,2020,2020-12-31,8923850
FNWB,2021,2021-12-31,9972698
FNWB,2022,2022-12-31,9703581
FNWB,2023,2023-12-31,9029535
FRBA,2016,2016-12-31,25043700
FRBA,2017,2017-12-31,25043700
FRBA,2018,2018-12-31,25043700
FRBA,2019,2019-12-31,25043700
FRBA,2020,2020-12-31,25043700
FRBA,2021,2021-12-31,19472364
FRBA,2022,2022-12-31,19451755
FRBA,2023,2023-12-31,24968122
FRBKQ,2016,2016-12-31,70411000
FRBKQ,2017,2017-12-31,70411000
FRBKQ,2018,2018-12-31,70411000
FRBKQ,2019,2019-12-31,70411000
FRBKQ,2020,2020-12-31,58868000
FRBKQ,2021,2021-12-31,58943153
FRCB,2016,2016-12-31,186219008
FRCB,2017,2017-12-31,186219008
FRCB,2018,2018-12-31,186219008
FRCB,2019,2019-12-31,186219008
FRCB,2020,2020-12-31,174000000
FRCB,2021,2021-12-31,179473451
FRCB,2022,2022-12-31,183249572
FRME,2016,2016-12-31,58307000
FRME,2017,2017-12-31,58307000
FRME,2018,2018-12-31,58307000
FRME,2019,2019-12-31,58307000
FRME,2020,2020-12-31,58307000
FRME,2021,2021-12-31,53410411
FRME,2022,2022-12-31,59170583
FRME,2023,2023-12-31,59424122
FRST,2016,2016-12-31,24722700
FRST,2017,2017-12-31,24722700
FRST,2018,2018-12-31,24722700
FRST,2019,2019-12-31,24722700
FRST,2020,2020-12-31,24722700
FRST,2021,2021-12-31,24574619
FRST,2022,2022-12-31,24680097
FRST,2023,2023-12-31,24693172
FSBW,2016,2016-12-31,7697430
FSBW,2017,2017-12-31,7697430
FSBW,2018,2018-12-31,7697430
FSBW,2019,2019-12-31,7697430
FSBW,2020,2020-12-31,7697430
FSBW,2021,2021-12-31,8169887
FSBW,2022,2022-12-31,7736185
FSBW,2023,2023-12-31,7800545
FULT,2016,2016-12-31,181795008
FULT,2017,2017-12-31,181795008
FULT,2018,2018-12-31,181795008
FULT,2019,2019-12-31,181795008
FULT,2020,2020-12-31,181795008
FULT,2021,2021-12-31,160500000
FULT,2022,2022-12-31,167600000
FULT,2023,2023-12-31,163801411
FUNC,2016,2016-12-31,6478630
FUNC,2017,2017-12-31,6478630
FUNC,2018,2018-12-31,6478630
FUNC,2019,2019-12-31,6478630
FUNC,2020,2020-12-31,6478630
FUNC,2021,2021-12-31,6620955
FUNC,2022,2022-12-31,6666428
FUNC,2023,2023-12-31,6639888
GABC,2016,2016-12-31,37480700
GABC,2017,2017-12-31,37480700
GABC,2018,2018-12-31,37480700
GABC,2019,2019-12-31,37480700
GABC,2020,2020-12-31,37480700
GABC,2021,2021-12-31,26553508
GABC,2022,2022-12-31,29493193
GABC,2023,2023-12-31,29584709
GBCI,2016,2016-12-31,118549000
GBCI,2017,2017-12-31,118549000
GBCI,2018,2018-12-31,118549000
GBCI,2019,2019-12-31,118549000
GBCI,2020,2020-12-31,118549000
GBCI,2021,2021-12-31,110687533
GBCI,2022,2022-12-31,110777780
GBCI,2023,2023-12-31,110888942
GSBC,2016,2016-12-31,11467900
GSBC,2017,2017-12-31,11467900
GSBC,2018,2018-12-31,11467900
GSBC,2019,2019-12-31,11467900
GSBC,2020,2020-12-31,11467900
GSBC,2021,2021-12-31,13128493
GSBC,2022,2022-12-31,12231290
GSBC,2023,2023-12-31,11804430
HAFC,2016,2016-12-31,30212100
HAFC,2017,2017-12-31,30212100
HAFC,2018,2018-12-31,30212100
HAFC,2019,2019-12-31,30212100
HAFC,2020,2020-12-31,30212100
HAFC,2021,2021-12-31,30407261
HAFC,2022,2022-12-31,30485621
HAFC,2023,2023-12-31,30368655
HBAN,2016,2016-12-31,1456809984
HBAN,2017,2017-12-31,1456809984
HBAN,2018,2018-12-31,1456809984
HBAN,2019,2019-12-31,1456809984
HBAN,2020,2020-12-31,1456809984
HBAN,2021,2021-12-31,1437742172
HBAN,2022,2022-12-31,1443068036
HBAN,2023,2023-12-31,1448319953
HBCP,2016,2016-12-31,7801370
HBCP,2017,2017-12-31,7801370
HBCP,2018,2018-12-31,7801370
HBCP,2019,2019-12-31,7801370
HBCP,2020,2020-12-31,7801370
HBCP,2021,2021-12-31,8285881
HBCP,2022,2022-12-31,8286084
HBCP,2023,2023-12-31,8158281
HBNC,2016,2016-12-31,44097300
HBNC,2017,2017-12-31,44097300
HBNC,2018,2018-12-31,44097300
HBNC,2019,2019-12-31,44097300
HBNC,2020,2020-12-31,44097300
HBNC,2021,2021-12-31,43547942
HBNC,2022,2022-12-31,43937889
HBNC,2023,2023-12-31,44106174
HFWA,2016,2016-12-31,34105500
HFWA,2017,2017-12-31,34105500
HFWA,2018,2018-12-31,34105500
HFWA,2019,2019-12-31,34105500
HFWA,2020,2020-12-31,34105500
HFWA,2021,2021-12-31,35105779
HFWA,2022,2022-12-31,35106697
HFWA,2023,2023-12-31,34906233
HIFS,2016,2016-12-31,2181250
HIFS,2017,2017-12-31,2181250
HIFS,2018,2018-12-31,2181250
HIFS,2019,2019-12-31,2181250
HIFS,2020,2020-12-31,2181250
HIFS,2021,2021-12-31,2142400
HIFS,2022,2022-12-31,2147400
HIFS,2023,2023-12-31,2162400
HMST,2016,2016-12-31,18920800
HMST,2017,2017-12-31,18920800
HMST,2018,2018-12-31,18920800
HMST,2019,2019-12-31,18920800
HMST,2020,2020-12-31,18920800
HMST,2021,2021-12-31,20085336
HMST,2022,2022-12-31,18730380
HMST,2023,2023-12-31,18810055
HOMB,2016,2016-12-31,197464000
HOMB,2017,2017-12-31,197464000
HOMB,2018,2018-12-31,197464000
HOMB,2019,2019-12-31,197464000
HOMB,2020,2020-12-31,197464000
HOMB,2021,2021-12-31,163699282
HOMB,2022,2022-12-31,203433690
HOMB,2023,2023-12-31,201526494
HOPE,2016,2016-12-31,128056000
HOPE,2017,2017-12-31,128056000
HOPE,2018,2018-12-31,128056000
HOPE,2019,2019-12-31,128056000
HOPE,2020,2020-12-31,128056000
HOPE,2021,2021-12-31,120006452
HOPE,2022,2022-12-31,119495209
HOPE,2023,2023-12-31,120126786
HTBK,2016,2016-12-31,61595500
HTBK,2017,2017-12-31,61595500
HTBK,2018,2018-12-31,61595500
HTBK,2019,2019-12-31,61595500
HTBK,2020,2020-12-31,61595500
HTBK,2021,2021-12-31,60339837
HTBK,2022,2022-12-31,60852723
HTBK,2023,2023-12-31,61146835
HTH,2016,2016-12-31,64155200
HTH,2017,2017-12-31,64155200
HTH,2018,2018-12-31,64155200
HTH,2019,2019-12-31,64155200
HTH,2020,2020-12-31,64155200
HTH,2021,2021-12-31,78959229
HTH,2022,2022-12-31,64684625
HTH,2023,2023-12-31,65142802
HWBK,2016,2016-12-31,6931300
HWBK,2017,2017-12-31,6931300
HWBK,2018,2018-12-31,6931300
HWBK,2019,2019-12-31,6931300
HWBK,2020,2020-12-31,6931300
HWBK,2021,2021-12-31,7156920
HWBK,2022,2022-12-31,7039324
HWBK,2023,2023-12-31,7039323
HWC,2016,2016-12-31,85643200
HWC,2017,2017-12-31,85643200
HWC,2018,2018-12-31,85643200
HWC,2019,2019-12-31,85643200
HWC,2020,2020-12-31,85643200
HWC,2021,2021-12-31,86749000
HWC,2022,2022-12-31,85941000
HWC,2023,2023-12-31,86345000
IBCP,2016,2016-12-31,20720900
IBCP,2017,2017-12-31,20720900
IBCP,2018,2018-12-31,20720900
IBCP,2019,2019-12-31,20720900
IBCP,2020,2020-12-31,20720900
IBCP,2021,2021-12-31,21171036
IBCP,2022,2022-12-31,21063971
IBCP,2023,2023-12-31,20835633
IBOC,2016,2016-12-31,62141900
IBOC,2017,2017-12-31,62141900
IBOC,2018,2018-12-31,62141900
IBOC,2019,2019-12-31,62141900
IBOC,2020,2020-12-31,62141900
IBOC,2021,2021-12-31,63371704
IBOC,2022,2022-12-31,62141839
IBOC,2023,2023-12-31,62075716
INBK,2016,2016-12-31,8697080
INBK,2017,2017-12-31,8697080
INBK,2018,2018-12-31,8697080
INBK,2019,2019-12-31,8697080
INBK,2020,2020-12-31,8697080
INBK,2021,2021-12-31,9754455
INBK,2022,2022-12-31,9065883
INBK,2023,2023-12-31,8644451
INDB,2016,2016-12-31,50026800
INDB,2017,2017-12-31,50026800
INDB,2018,2018-12-31,50026800
INDB,2019,2019-12-31,50026800
INDB,2020,2020-12-31,50026800
INDB,2021,2021-12-31,47349778
INDB,2022,2022-12-31,45641238
INDB,2023,2023-12-31,42873187
ISTR,2016,2016-12-31,9844850
ISTR,2017,2017-12-31,9844850
ISTR,2018,2018-12-31,9844850
ISTR,2019,2019-12-31,9844850
ISTR,2020,2020-12-31,9844850
ISTR,2021,2021-12-31,10343494
ISTR,2022,2022-12-31,9901847
ISTR,2023,2023-12-31,9748067
JPM,2016,2016-12-31,2779089920
JPM,2017,2017-12-31,2779089920
JPM,2018,2018-12-31,2779089920
JPM,2019,2019-12-31,2779089920
JPM,2020,2020-12-31,2779089920
JPM,2021,2021-12-31,2944149145
JPM,2022,2022-12-31,2934257801
JPM,2023,2023-12-31,2876658594
KEY,2016,2016-12-31,1095939968
KEY,2017,2017-12-31,1095939968
KEY,2018,2018-12-31,1095939968
KEY,2019,2019-12-31,1095939968
KEY,2020,2020-12-31,1095939968
KEY,2021,2021-12-31,928849770
KEY,2022,2022-12-31,933324581
KEY,2023,2023-12-31,936563987
LARK,2016,2016-12-31,5783080
LARK,2017,2017-12-31,5783080
LARK,2018,2018-12-31,5783080
LARK,2019,2019-12-31,5783080
LARK,2020,2020-12-31,5783080
LARK,2021,2021-12-31,5785183
LARK,2022,2022-12-31,5747588
LARK,2023,2023-12-31,5751474
LCNB,2016,2016-12-31,14167400
LCNB,2017,2017-12-31,14167400
LCNB,2018,2018-12-31,14167400
LCNB,2019,2019-12-31,14167400
LCNB,2020,2020-12-31,14167400
LCNB,2021,2021-12-31,12414956
LCNB,2022,2022-12-31,11259080
LCNB,2023,2023-12-31,13173569
LKFN,2016,2016-12-31,25556900
LKFN,2017,2017-12-31,25556900
LKFN,2018,2018-12-31,25556900
LKFN,2019,2019-12-31,25556900
LKFN,2020,2020-12-31,25556900
LKFN,2021,2021-12-31,25300793
LKFN,2022,2022-12-31,25349225
LKFN,2023,2023-12-31,25430566
MBWM,2016,2016-12-31,16235200
MBWM,2017,2017-12-31,16235200
MBWM,2018,2018-12-31,16235200
MBWM,2019,2019-12-31,16235200
MBWM,2020,2020-12-31,16235200
MBWM,2021,2021-12-31,15839944
MBWM,2022,2022-12-31,15994884
MBWM,2023,2023-12-31,16125662
MFIN,2016,2016-12-31,23236500
MFIN,2017,2017-12-31,23236500
MFIN,2018,2018-12-31,23236500
MFIN,2019,2019-12-31,23236500
MFIN,2020,2020-12-31,23236500
MFIN,2021,2021-12-31,25173386
MFIN,2022,2022-12-31,23061673
MFIN,2023,2023-12-31,23449646
MOFG,2016,2016-12-31,20817000
MOFG,2017,2017-12-31,20817000
MOFG,2018,2018-12-31,20817000
MOFG,2019,2019-12-31,20817000
MOFG,2020,2020-12-31,20817000
MOFG,2021,2021-12-31,15671147
MOFG,2022,2022-12-31,15623977
MOFG,2023,2023-12-31,15694306
MPB,2016,2016-12-31,22963500
MPB,2017,2017-12-31,22963500
MPB,2018,2018-12-31,22963500
MPB,2019,2019-12-31,22963500
MPB,2020,2020-12-31,22963500
MPB,2021,2021-12-31,15957830
MPB,2022,2022-12-31,15886143
MPB,2023,2023-12-31,16573707
MTB,2016,2016-12-31,160516000
MTB,2017,2017-12-31,160516000
MTB,2018,2018-12-31,160516000
MTB,2019,2019-12-31,160516000
MTB,2020,2020-12-31,160516000
MTB,2021,2021-12-31,128689053
MTB,2022,2022-12-31,169285391
MTB,2023,2023-12-31,166136481
NBHC,2016,2016-12-31,38094300
NBHC,2017,2017-12-31,38094300
NBHC,2018,2018-12-31,38094300
NBHC,2019,2019-12-31,38094300
NBHC,2020,2020-12-31,38094300
NBHC,2021,2021-12-31,29958764
NBHC,2022,2022-12-31,37608519
NBHC,2023,2023-12-31,37784851
NBTB,2016,2016-12-31,52381000
NBTB,2017,2017-12-31,52381000
NBTB,2018,2018-12-31,52381000
NBTB,2019,2019-12-31,52381000
NBTB,2020,2020-12-31,52381000
NBTB,2021,2021-12-31,43168012
NBTB,2022,2022-12-31,42857823
NBTB,2023,2023-12-31,47109899
NFBK,2016,2016-12-31,42626100
NFBK,2017,2017-12-31,42626100
NFBK,2018,2018-12-31,42626100
NFBK,2019,2019-12-31,42626100
NFBK,2020,2020-12-31,42626100
NFBK,2021,2021-12-31,49266733
NFBK,2022,2022-12-31,47442488
NFBK,2023,2023-12-31,44524929
NKSH,2016,2016-12-31,6363370
NKSH,2017,2017-12-31,6363370
NKSH,2018,2018-12-31,6363370
NKSH,2019,2019-12-31,6363370
NKSH,2020,2020-12-31,6363370
NKSH,2021,2021-12-31,6063937
NKSH,2022,2022-12-31,5889687
NKSH,2023,2023-12-31,5893782
NRIM,2016,2016-12-31,5520890
NRIM,2017,2017-12-31,5520890
NRIM,2018,2018-12-31,5520890
NRIM,2019,2019-12-31,5520890
NRIM,2020,2020-12-31,5520890
NRIM,2021,2021-12-31,6014813
NRIM,2022,2022-12-31,5700728
NRIM,2023,2023-12-31,5513459
NWBI,2016,2016-12-31,127752000
NWBI,2017,2017-12-31,127752000
NWBI,2018,2018-12-31,127752000
NWBI,2019,2019-12-31,127752000
NWBI,2020,2020-12-31,127752000
NWBI,2021,2021-12-31,126612183
NWBI,2022,2022-12-31,127028848
NWBI,2023,2023-12-31,127110453
NWFL,2016,2016-12-31,9260520
NWFL,2017,2017-12-31,9260520
NWFL,2018,2018-12-31,9260520
NWFL,2019,2019-12-31,9260520
NWFL,2020,2020-12-31,9260520
NWFL,2021,2021-12-31,8201423
NWFL,2022,2022-12-31,8166751
NWFL,2023,2023-12-31,8110157
OCFC,2016,2016-12-31,58383500
OCFC,2017,2017-12-31,58383500
OCFC,2018,2018-12-31,58383500
OCFC,2019,2019-12-31,58383500
OCFC,2020,2020-12-31,58383500
OCFC,2021,2021-12-31,59175046
OCFC,2022,2022-12-31,59144128
OCFC,2023,2023-12-31,59447684
ONB,2016,2016-12-31,369929984
ONB,2017,2017-12-31,369929984
ONB,2018,2018-12-31,369929984
ONB,2019,2019-12-31,369929984
ONB,2020,2020-12-31,369929984
ONB,2021,2021-12-31,165838000
ONB,2022,2022-12-31,292903000
ONB,2023,2023-12-31,292655000
OPOF,2016,2016-12-31,5105030
OPOF,2017,2017-12-31,5105030
OPOF,2018,2018-12-31,5105030
OPOF,2019,2019-12-31,5105030
OPOF,2020,2020-12-31,5105030
OPOF,2021,2021-12-31,5239707
OPOF,2022,2022-12-31,4999083
OPOF,2023,2023-12-31,5040095
ORRF,2016,2016-12-31,19508500
ORRF,2017,2017-12-31,19508500
ORRF,2018,2018-12-31,19508500
ORRF,2019,2019-12-31,19508500
ORRF,2020,2020-12-31,19508500
ORRF,2021,2021-12-31,11183050
ORRF,2022,2022-12-31,10671413
ORRF,2023,2023-12-31,10612390
OSBC,2016,2016-12-31,45056200
OSBC,2017,2017-12-31,45056200
OSBC,2018,2018-12-31,45056200
OSBC,2019,2019-12-31,45056200
OSBC,2020,2020-12-31,45056200
OSBC,2021,2021-12-31,44461045
OSBC,2022,2022-12-31,44582311
OSBC,2023,2023-12-31,44697917
OVBC,2016,2016-12-31,4711000
OVBC,2017,2017-12-31,4711000
OVBC,2018,2018-12-31,4711000
OVBC,2019,2019-12-31,4711000
OVBC,2020,2020-12-31,4711000
OVBC,2021,2021-12-31,4753252
OVBC,2022,2022-12-31,4771774
OVBC,2023,2023-12-31,4773132
OVLY,2016,2016-12-31,8382060
OVLY,2017,2017-12-31,8382060
OVLY,2018,2018-12-31,8382060
OVLY,2019,2019-12-31,8382060
OVLY,2020,2020-12-31,8382060
OVLY,2021,2021-12-31,8239099
OVLY,2022,2022-12-31,8257894
OVLY,2023,2023-12-31,8293168
OZK,2016,2016-12-31,112619000
OZK,2017,2017-12-31,112619000
OZK,2018,2018-12-31,112619000
OZK,2019,2019-12-31,112619000
OZK,2020,2020-12-31,112619000
OZK,2021,2021-12-31,125443748
OZK,2022,2022-12-31,117176928
OZK,2023,2023-12-31,113148672
PB,2016,2016-12-31,95283000
PB,2017,2017-12-31,95283000
PB,2018,2018-12-31,95283000
PB,2019,2019-12-31,95283000
PB,2020,2020-12-31,95283000
PB,2021,2021-12-31,92170480
PB,2022,2022-12-31,91313615
PB,2023,2023-12-31,93722383
PEBK,2016,2016-12-31,5297760
PEBK,2017,2017-12-31,5297760
PEBK,2018,2018-12-31,5297760
PEBK,2019,2019-12-31,5297760
PEBK,2020,2020-12-31,5297760
PEBK,2021,2021-12-31,5661569
PEBK,2022,2022-12-31,5636830
PEBK,2023,2023-12-31,5370797
PEBO,2016,2016-12-31,35645800
PEBO,2017,2017-12-31,35645800
PEBO,2018,2018-12-31,35645800
PEBO,2019,2019-12-31,35645800
PEBO,2020,2020-12-31,35645800
PEBO,2021,2021-12-31,28237042
PEBO,2022,2022-12-31,28214459
PEBO,2023,2023-12-31,35224693
PFBC,2016,2016-12-31,12426200
PFBC,2017,2017-12-31,12426200
PFBC,2018,2018-12-31,12426200
PFBC,2019,2019-12-31,12426200
PFBC,2020,2020-12-31,12426200
PFBC,2021,2021-12-31,14679769
PFBC,2022,2022-12-31,14358145
PFBC,2023,2023-12-31,13583285
PFIS,2016,2016-12-31,9994700
PFIS,2017,2017-12-31,9994700
PFIS,2018,2018-12-31,9994700
PFIS,2019,2019-12-31,9994700
PFIS,2020,2020-12-31,9994700
PFIS,2021,2021-12-31,7169372
PFIS,2022,2022-12-31,7158017
PFIS,2023,2023-12-31,7040852
PFS,2016,2016-12-31,130660000
PFS,2017,2017-12-31,130660000
PFS,2018,2018-12-31,130660000
PFS,2019,2019-12-31,130660000
PFS,2020,2020-12-31,130660000
PFS,2021,2021-12-31,76969999
PFS,2022,2022-12-31,75169196
PFS,2023,2023-12-31,75537186
PGC,2016,2016-12-31,17735900
PGC,2017,2017-12-31,17735900
PGC,2018,2018-12-31,17735900
PGC,2019,2019-12-31,17735900
PGC,2020,2020-12-31,17735900
PGC,2021,2021-12-31,18393888
PGC,2022,2022-12-31,17813451
PGC,2023,2023-12-31,17739677
PKBK,2016,2016-12-31,11843300
PKBK,2017,2017-12-31,11843300
PKBK,2018,2018-12-31,11843300
PKBK,2019,2019-12-31,11843300
PKBK,2020,2020-12-31,11843300
PKBK,2021,2021-12-31,11897559
PKBK,2022,2022-12-31,11940575
PKBK,2023,2023-12-31,11956299
PLBC,2016,2016-12-31,6932930
PLBC,2017,2017-12-31,6932930
PLBC,2018,2018-12-31,6932930
PLBC,2019,2019-12-31,6932930
PLBC,2020,2020-12-31,6932930
PLBC,2021,2021-12-31,5816991
PLBC,2022,2022-12-31,5850216
PLBC,2023,2023-12-31,5871523
PNC,2016,2016-12-31,395567008
PNC,2017,2017-12-31,395567008
PNC,2018,2018-12-31,395567008
PNC,2019,2019-12-31,395567008
PNC,2020,2020-12-31,395567008
PNC,2021,2021-12-31,420000000
PNC,2022,2022-12-31,401000000
PNC,2023,2023-12-31,398029217
PNFP,2016,2016-12-31,77556096
PNFP,2017,2017-12-31,77556096
PNFP,2018,2018-12-31,77556096
PNFP,2019,2019-12-31,77556096
PNFP,2020,2020-12-31,77556096
PNFP,2021,2021-12-31,76100000
PNFP,2022,2022-12-31,76500000
PNFP,2023,2023-12-31,76766674
PPBI,2016,2016-12-31,97024704
PPBI,2017,2017-12-31,97024704
PPBI,2018,2018-12-31,97024704
PPBI,2019,2019-12-31,97024704
PPBI,2020,2020-12-31,97024704
PPBI,2021,2021-12-31,94389543
PPBI,2022,2022-12-31,95021760
PPBI,2023,2023-12-31,95860092
PRK,2016,2016-12-31,16191300
PRK,2017,2017-12-31,16191300
PRK,2018,2018-12-31,16191300
PRK,2019,2019-12-31,16191300
PRK,2020,2020-12-31,16191300
PRK,2021,2021-12-31,16219563
PRK,2022,2022-12-31,16263583
PRK,2023,2023-12-31,16116479
PVBC,2016,2016-12-31,17788000
PVBC,2017,2017-12-31,17788000
PVBC,2018,2018-12-31,17788000
PVBC,2019,2019-12-31,17788000
PVBC,2020,2020-12-31,17788000
PVBC,2021,2021-12-31,17854649
PVBC,2022,2022-12-31,17669698
PVBC,2023,2023-12-31,17677479
PWOD,2016,2016-12-31,7614210
PWOD,2017,2017-12-31,7614210
PWOD,2018,2018-12-31,7614210
PWOD,2019,2019-12-31,7614210
PWOD,2020,2020-12-31,7614210
PWOD,2021,2021-12-31,7070047
PWOD,2022,2022-12-31,7056585
PWOD,2023,2023-12-31,7508994
QCRH,2016,2016-12-31,16931400
QCRH,2017,2017-12-31,16931400
QCRH,2018,2018-12-31,16931400
QCRH,2019,2019-12-31,16931400
QCRH,2020,2020-12-31,16931400
QCRH,2021,2021-12-31,15613460
QCRH,2022,2022-12-31,16795942
QCRH,2023,2023-12-31,16749254
RBCAA,2016,2016-12-31,17374700
RBCAA,2017,2017-12-31,17374700
RBCAA,2018,2018-12-31,17374700
RBCAA,2019,2019-12-31,17374700
RBCAA,2020,2020-12-31,17374700
RBCAA,2021,2021-12-31,19980986
RBCAA,2022,2022-12-31,19744423
RBCAA,2023,2023-12-31,19357917
RF,2016,2016-12-31,898929984
RF,2017,2017-12-31,898929984
RF,2018,2018-12-31,898929984
RF,2019,2019-12-31,898929984
RF,2020,2020-12-31,898929984
RF,2021,2021-12-31,941907925
RF,2022,2022-12-31,934491492
RF,2023,2023-12-31,922343005
SBCF,2016,2016-12-31,85985400
SBCF,2017,2017-12-31,85985400
SBCF,2018,2018-12-31,85985400
SBCF,2019,2019-12-31,85985400
SBCF,2020,2020-12-31,85985400
SBCF,2021,2021-12-31,58504250
SBCF,2022,2022-12-31,71617852
SBCF,2023,2023-12-31,84861498
SBFG,2016,2016-12-31,6525130
SBFG,2017,2017-12-31,6525130
SBFG,2018,2018-12-31,6525130
SBFG,2019,2019-12-31,6525130
SBFG,2020,2020-12-31,6525130
SBFG,2021,2021-12-31,7228546
SBFG,2022,2022-12-31,6935462
SBFG,2023,2023-12-31,6719676
SBNY,2016,2016-12-31,62974000
SBNY,2017,2017-12-31,62974000
SBNY,2018,2018-12-31,62974000
SBNY,2019,2019-12-31,62974000
SBNY,2020,2020-12-31,52670000
SBNY,2021,2021-12-31,60631944
SBNY,2022,2022-12-31,62928819
SBSI,2016,2016-12-31,30214000
SBSI,2017,2017-12-31,30214000
SBSI,2018,2018-12-31,30214000
SBSI,2019,2019-12-31,30214000
SBSI,2020,2020-12-31,30214000
SBSI,2021,2021-12-31,32352052
SBSI,2022,2022-12-31,31546630
SBSI,2023,2023-12-31,30249430
SFNC,2016,2016-12-31,125952000
SFNC,2017,2017-12-31,125952000
SFNC,2018,2018-12-31,125952000
SFNC,2019,2019-12-31,125952000
SFNC,2020,2020-12-31,125952000
SFNC,2021,2021-12-31,112715444
SFNC,2022,2022-12-31,127046654
SFNC,2023,2023-12-31,125184119
SFST,2016,2016-12-31,8168860
SFST,2017,2017-12-31,8168860
SFST,2018,2018-12-31,8168860
SFST,2019,2019-12-31,8168860
SFST,2020,2020-12-31,8168860
SFST,2021,2021-12-31,7925819
SFST,2022,2022-12-31,8011045
SFST,2023,2023-12-31,8088186
SHBI,2016,2016-12-31,33374300
SHBI,2017,2017-12-31,33374300
SHBI,2018,2018-12-31,33374300
SHBI,2019,2019-12-31,33374300
SHBI,2020,2020-12-31,33374300
SHBI,2021,2021-12-31,19807533
SHBI,2022,2022-12-31,19849563
SHBI,2023,2023-12-31,33161532
SNV,2016,2016-12-31,139012992
SNV,2017,2017-12-31,139012992
SNV,2018,2018-12-31,139012992
SNV,2019,2019-12-31,139012992
SNV,2020,2020-12-31,139012992
SNV,2021,2021-12-31,145010086
SNV,2022,2022-12-31,145486634
SNV,2023,2023-12-31,146705330
SRCE,2016,2016-12-31,24562900
SRCE,2017,2017-12-31,24562900
SRCE,2018,2018-12-31,24562900
SRCE,2019,2019-12-31,24562900
SRCE,2020,2020-12-31,24562900
SRCE,2021,2021-12-31,24739512
SRCE,2022,2022-12-31,24662286
SRCE,2023,2023-12-31,24434604
STBA,2016,2016-12-31,38330300
STBA,2017,2017-12-31,38330300
STBA,2018,2018-12-31,38330300
STBA,2019,2019-12-31,38330300
STBA,2020,2020-12-31,38330300
STBA,2021,2021-12-31,39351194
STBA,2022,2022-12-31,38999733
STBA,2023,2023-12-31,38232806
SYBT,2016,2016-12-31,29468900
SYBT,2017,2017-12-31,29468900
SYBT,2018,2018-12-31,29468900
SYBT,2019,2019-12-31,29468900
SYBT,2020,2020-12-31,29468900
SYBT,2021,2021-12-31,26596000
SYBT,2022,2022-12-31,29259000
SYBT,2023,2023-12-31,29329000
TBBK,2016,2016-12-31,46709700
TBBK,2017,2017-12-31,46709700
TBBK,2018,2018-12-31,46709700
TBBK,2019,2019-12-31,46709700
TBBK,2020,2020-12-31,46709700
TBBK,2021,2021-12-31,57370563
TBBK,2022,2022-12-31,55689627
TBBK,2023,2023-12-31,53202630
TCBI,2016,2016-12-31,45903400
TCBI,2017,2017-12-31,45903400
TCBI,2018,2018-12-31,45903400
TCBI,2019,2019-12-31,45903400
TCBI,2020,2020-12-31,45903400
TCBI,2021,2021-12-31,50618494
TCBI,2022,2022-12-31,48783763
TCBI,2023,2023-12-31,47237912
TCBK,2016,2016-12-31,32858400
TCBK,2017,2017-12-31,32858400
TCBK,2018,2018-12-31,32858400
TCBK,2019,2019-12-31,32858400
TCBK,2020,2020-12-31,32858400
TCBK,2021,2021-12-31,29730424
TCBK,2022,2022-12-31,33331513
TCBK,2023,2023-12-31,33268102
TFC,2016,2016-12-31,1309539968
TFC,2017,2017-12-31,1309539968
TFC,2018,2018-12-31,1309539968
TFC,2019,2019-12-31,1309539968
TFC,2020,2020-12-31,1309539968
TFC,2021,2021-12-31,1327818000
TFC,2022,2022-12-31,1326829000
TFC,2023,2023-12-31,1333743000
TFIN,2016,2016-12-31,23676700
TFIN,2017,2017-12-31,23676700
TFIN,2018,2018-12-31,23676700
TFIN,2019,2019-12-31,23676700
TFIN,2020,2020-12-31,23676700
TFIN,2021,2021-12-31,25158879
TFIN,2022,2022-12-31,24053585
TFIN,2023,2023-12-31,23302414
THFF,2016,2016-12-31,11850600
THFF,2017,2017-12-31,11850600
THFF,2018,2018-12-31,11850600
THFF,2019,2019-12-31,11850600
THFF,2020,2020-12-31,11850600
THFF,2021,2021-12-31,12629893
THFF,2022,2022-12-31,12051964
THFF,2023,2023-12-31,11795024
TMP,2016,2016-12-31,14434500
TMP,2017,2017-12-31,14434500
TMP,2018,2018-12-31,14434500
TMP,2019,2019-12-31,14434500
TMP,2020,2020-12-31,14434500
TMP,2021,2021-12-31,14574087
TMP,2022,2022-12-31,14426992
TMP,2023,2023-12-31,14309733
TOWN,2016,2016-12-31,75397104
TOWN,2017,2017-12-31,75397104
TOWN,2018,2018-12-31,75397104
TOWN,2019,2019-12-31,75397104
TOWN,2020,2020-12-31,75397104
TOWN,2021,2021-12-31,72683985
TOWN,2022,2022-12-31,72841379
TOWN,2023,2023-12-31,73888745
TRMK,2016,2016-12-31,60477600
TRMK,2017,2017-12-31,60477600
TRMK,2018,2018-12-31,60477600
TRMK,2019,2019-12-31,60477600
TRMK,2020,2020-12-31,60477600
TRMK,2021,2021-12-31,61648679
TRMK,2022,2022-12-31,60977686
TRMK,2023,2023-12-31,61071173
TRST,2016,2016-12-31,19019700
TRST,2017,2017-12-31,19019700
TRST,2018,2018-12-31,19019700
TRST,2019,2019-12-31,19019700
TRST,2020,2020-12-31,19019700
TRST,2021,2021-12-31,19219989
TRST,2022,2022-12-31,19024433
TRST,2023,2023-12-31,19024433
UBFO,2016,2016-12-31,17475900
UBFO,2017,2017-12-31,17475900
UBFO,2018,2018-12-31,17475900
UBFO,2019,2019-12-31,17475900
UBFO,2020,2020-12-31,17475900
UBFO,2021,2021-12-31,17028239
UBFO,2022,2022-12-31,17067253
UBFO,2023,2023-12-31,17167895
UBSI,2016,2016-12-31,142060000
UBSI,2017,2017-12-31,142060000
UBSI,2018,2018-12-31,142060000
UBSI,2019,2019-12-31,142060000
UBSI,2020,2020-12-31,142060000
UBSI,2021,2021-12-31,136392758
UBSI,2022,2022-12-31,134745122
UBSI,2023,2023-12-31,134949063
UCB,2016,2016-12-31,121499000
UCB,2017,2017-12-31,121499000
UCB,2018,2018-12-31,121499000
UCB,2019,2019-12-31,121499000
UCB,2020,2020-12-31,121499000
UCB,2021,2021-12-31,89349826
UCB,2022,2022-12-31,106222758
UCB,2023,2023-12-31,119010319
UMBF,2016,2016-12-31,75918496
UMBF,2017,2017-12-31,75918496
UMBF,2018,2018-12-31,75918496
UMBF,2019,2019-12-31,75918496
UMBF,2020,2020-12-31,75918496
UMBF,2021,2021-12-31,48430805
UMBF,2022,2022-12-31,48319404
UMBF,2023,2023-12-31,48554127
UNB,2016,2016-12-31,4538600
UNB,2017,2017-12-31,4538600
UNB,2018,2018-12-31,4538600
UNB,2019,2019-12-31,4538600
UNB,2020,2020-12-31,4538600
UNB,2021,2021-12-31,4493655
UNB,2022,2022-12-31,4508587
UNB,2023,2023-12-31,4518848
UNTY,2016,2016-12-31,10031100
UNTY,2017,2017-12-31,10031100
UNTY,2018,2018-12-31,10031100
UNTY,2019,2019-12-31,10031100
UNTY,2020,2020-12-31,10031100
UNTY,2021,2021-12-31,10391000
UNTY,2022,2022-12-31,10584000
UNTY,2023,2023-12-31,10063000
USB,2016,2016-12-31,1558029952
USB,2017,2017-12-31,1558029952
USB,2018,2018-12-31,1558029952
USB,2019,2019-12-31,1558029952
USB,2020,2020-12-31,1558029952
USB,2021,2021-12-31,1483502171
USB,2022,2022-12-31,1530978258
USB,2023,2023-12-31,1557993055
UVSP,2016,2016-12-31,28880200
UVSP,2017,2017-12-31,28880200
UVSP,2018,2018-12-31,28880200
UVSP,2019,2019-12-31,28880200
UVSP,2020,2020-12-31,28880200
UVSP,2021,2021-12-31,29500542
UVSP,2022,2022-12-31,29271915
UVSP,2023,2023-12-31,29511721
VBTX,2016,2016-12-31,54271500
VBTX,2017,2017-12-31,54271500
VBTX,2018,2018-12-31,54271500
VBTX,2019,2019-12-31,54271500
VBTX,2020,2020-12-31,54271500
VBTX,2021,2021-12-31,49372329
VBTX,2022,2022-12-31,54029955
VBTX,2023,2023-12-31,54338368
VLY,2016,2016-12-31,560340992
VLY,2017,2017-12-31,560340992
VLY,2018,2018-12-31,560340992
VLY,2019,2019-12-31,560340992
VLY,2020,2020-12-31,560340992
VLY,2021,2021-12-31,421437068
VLY,2022,2022-12-31,506374478
VLY,2023,2023-12-31,507709927
WABC,2016,2016-12-31,26180700
WABC,2017,2017-12-31,26180700
WABC,2018,2018-12-31,26180700
WABC,2019,2019-12-31,26180700
WABC,2020,2020-12-31,26180700
WABC,2021,2021-12-31,26866000
WABC,2022,2022-12-31,26913000
WABC,2023,2023-12-31,26671000
WAL,2016,2016-12-31,110404000
WAL,2017,2017-12-31,110404000
WAL,2018,2018-12-31,110404000
WAL,2019,2019-12-31,110404000
WAL,2020,2020-12-31,110404000
WAL,2021,2021-12-31,106631320
WAL,2022,2022-12-31,108914526
WAL,2023,2023-12-31,109466305
WASH,2016,2016-12-31,19291100
WASH,2017,2017-12-31,19291100
WASH,2018,2018-12-31,19291100
WASH,2019,2019-12-31,19291100
WASH,2020,2020-12-31,19291100
WASH,2021,2021-12-31,17330818
WASH,2022,2022-12-31,17182753
WASH,2023,2023-12-31,17030987
WBS,2016,2016-12-31,168228992
WBS,2017,2017-12-31,168228992
WBS,2018,2018-12-31,168228992
WBS,2019,2019-12-31,168228992
WBS,2020,2020-12-31,168228992
WBS,2021,2021-12-31,90583621
WBS,2022,2022-12-31,174007573
WBS,2023,2023-12-31,172021956
WFC,2016,2016-12-31,3254180096
WFC,2017,2017-12-31,3254180096
WFC,2018,2018-12-31,3254180096
WFC,2019,2019-12-31,3254180096
WFC,2020,2020-12-31,3254180096
WFC,2021,2021-12-31,3885801497
WFC,2022,2022-12-31,3833804452
WFC,2023,2023-12-31,3598862582
WNEB,2016,2016-12-31,20711000
WNEB,2017,2017-12-31,20711000
WNEB,2018,2018-12-31,20711000
WNEB,2019,2019-12-31,20711000
WNEB,2020,2020-12-31,20711000
WNEB,2021,2021-12-31,22656515
WNEB,2022,2022-12-31,22216789
WNEB,2023,2023-12-31,21666807
WSBC,2016,2016-12-31,95672200
WSBC,2017,2017-12-31,95672200
WSBC,2018,2018-12-31,95672200
WSBC,2019,2019-12-31,95672200
WSBC,2020,2020-12-31,95672200
WSBC,2021,2021-12-31,62307245
WSBC,2022,2022-12-31,59198963
WSBC,2023,2023-12-31,59376435
WSBF,2016,2016-12-31,19075500
WSBF,2017,2017-12-31,19075500
WSBF,2018,2018-12-31,19075500
WSBF,2019,2019-12-31,19075500
WSBF,2020,2020-12-31,19075500
WSBF,2021,2021-12-31,24795124
WSBF,2022,2022-12-31,22174225
WSBF,2023,2023-12-31,20314786
WSFS,2016,2016-12-31,56777000
WSFS,2017,2017-12-31,56777000
WSFS,2018,2018-12-31,56777000
WSFS,2019,2019-12-31,56777000
WSFS,2020,2020-12-31,56777000
WSFS,2021,2021-12-31,47608740
WSFS,2022,2022-12-31,61611912
WSFS,2023,2023-12-31,60537831
WTBA,2016,2016-12-31,16923300
WTBA,2017,2017-12-31,16923300
WTBA,2018,2018-12-31,16923300
WTBA,2019,2019-12-31,16923300
WTBA,2020,2020-12-31,16923300
WTBA,2021,2021-12-31,16554846
WTBA,2022,2022-12-31,16640413
WTBA,2023,2023-12-31,16725094
WTFC,2016,2016-12-31,66930300
WTFC,2017,2017-12-31,66930300
WTFC,2018,2018-12-31,66930300
WTFC,2019,2019-12-31,66930300
WTFC,2020,2020-12-31,66930300
WTFC,2021,2021-12-31,57054091
WTFC,2022,2022-12-31,60794008
WTFC,2023,2023-12-31,61243626
ZION,2016,2016-12-31,147571008
ZION,2017,2017-12-31,147571008
ZION,2018,2018-12-31,147571008
ZION,2019,2019-12-31,147571008
ZION,2020,2020-12-31,147571008
ZION,2021,2021-12-31,151625000
ZION,2022,2022-12-31,148664000
ZION,2023,2023-12-31,148153000
FRBKQ,2022,2022-12-31,58940000
FRBKQ,2023,2023-12-31,63867092
FRCB,2023,2023-12-31,186500000
SBNY,2023,2023-12-31,62970000
