instrument,Year,distance_to_default,probability_of_default
ABCB.N,2016,25.776037064392675,1.0486267491302857e-143
ABCB.N,2017,44.23887782243974,0.0
ABCB.N,2018,26.373239259065382,1.3894719331931222e-153
ABCB.N,2019,22.737453576991665,3.768295867947696e-113
ABCB.N,2020,17.256691719846692,4.9829787190788366e-67
ABCB.N,2021,29.677457751734423,7.502979858787593e-194
ABCB.N,2022,23.98930261663084,1.7980631884091248e-127
ABCB.N,2023,18.794559642763996,3.843545335771063e-75
ACNB.OQ,2019,36.2983288316441,1.4296525573148773e-261
ACNB.OQ,2020,20.724669706052996,1.03773297202273e-95
ACNB.OQ,2021,52.19474044430767,0.0
ACNB.OQ,2022,25.983675694418586,5.405532601795095e-148
ACNB.OQ,2023,26.51449161418924,3.298636659308833e-155
AROW.OQ,2017,35.34017460297656,7.096395399620041e-274
AROW.OQ,2018,48.20516339758518,0.0
AROW.OQ,2019,42.03612494789768,0.0
AROW.OQ,2020,31.897973529837056,1.4242660820560658e-223
AROW.OQ,2021,65.8327399687978,0.0
AROW.OQ,2022,37.06713876638734,4.755628996055871e-301
ASB.N,2016,36.784660025101886,1.698576685496593e-280
ASB.N,2017,37.089537744268,2.0713671882233704e-301
ASB.N,2018,30.996775157958233,5.27153128988482e-166
ASB.N,2019,28.673555957838907,3.156507683955654e-180
ASB.N,2020,21.028176081721156,1.811569879726384e-98
ASB.N,2021,39.95072397272621,0.0
ASB.N,2022,21.886770169768745,1.7363200760313927e-106
ASB.N,2023,18.79882601402656,3.860318506266585e-79
ATLO.OQ,2018,43.20569194118564,0.0
ATLO.OQ,2019,52.30482888246219,0.0
ATLO.OQ,2021,55.00690236761855,0.0
ATLO.OQ,2022,81.65495987162335,0.0
ATLO.OQ,2023,26.464572534349053,9.333094501853616e-132
AUBN.OQ,2018,32.86306207059953,3.7062888873450965e-237
AUBN.OQ,2019,35.41347392734883,9.438134196897277e-250
AUBN.OQ,2020,21.114963236975516,3.9418561995860744e-97
AUBN.OQ,2021,63.2441117111276,0.0
AUBN.OQ,2022,45.89353477428325,0.0
BAC.N,2016,17.95141819171127,3.2048811056150055e-72
BAC.N,2017,43.32937178918943,0.0
BAC.N,2018,28.110557405353205,3.639120733763488e-174
BAC.N,2019,23.620533905157927,1.1856796193036863e-123
BAC.N,2020,15.982929202718829,2.361376367693106e-54
BAC.N,2021,26.87934870177706,3.623074429326969e-146
BAC.N,2022,18.05265093667141,3.759675089392467e-73
BANC.N,2017,25.6065029917074,6.456171816170235e-145
BANC.N,2018,21.69666347799191,4.319074767535996e-102
BANC.N,2019,23.976869848383423,2.42396066905034e-127
BANC.N,2020,12.324180761632068,3.4054978166709046e-35
BANC.N,2021,41.73993296263178,0.0
BANC.N,2022,45.27298960891716,0.0
BANC.N,2023,16.296425023846655,1.7702531776417278e-59
BANF.OQ,2016,52.35162537997813,0.0
BANF.OQ,2017,45.62687417416955,0.0
BANF.OQ,2018,53.091935893621134,0.0
BANF.OQ,2019,52.14247868902556,0.0
BANF.OQ,2020,20.101398423698,3.587162294386519e-90
BANF.OQ,2021,39.63327208667863,0.0
BANF.OQ,2022,30.974908582076743,5.869786202112622e-211
BANF.OQ,2023,39.64238219814778,0.0
BANR.OQ,2016,40.039477326562654,0.0
BANR.OQ,2017,50.51982621661601,0.0
BANR.OQ,2018,40.823063246177036,0.0
BANR.OQ,2019,28.619930960007636,1.8980624800908277e-180
BANR.OQ,2020,18.593753953583807,2.7614709862114287e-77
BANR.OQ,2021,36.734966085352326,1.0103820510060311e-295
BANR.OQ,2022,26.74846525719184,2.794006629281728e-154
BANR.OQ,2023,24.896417132160444,4.0677719184835406e-137
BCBP.OQ,2018,39.151522827688765,1.2295278378945132e-296
BCBP.OQ,2019,33.022947217220874,1.799658676467632e-232
BFIN.OQ,2018,55.98136189110886,0.0
BFIN.OQ,2019,71.22983802387388,0.0
BHB.A,2017,24.766929084785623,1.0187006604768886e-135
BHB.A,2018,30.021094604676872,2.6034629714809406e-198
BHB.A,2019,25.221655694422388,2.4661233567493355e-121
BHB.A,2020,23.401682712028602,1.033237025033996e-119
BHB.A,2021,27.475013258878075,1.7461489651266474e-166
BHB.A,2022,31.38301243035318,2.025164512803699e-215
BHB.A,2023,29.277494148607527,1.0032500614303636e-188
BHLB.N,2017,35.66856663291649,6.073440823650366e-279
BHLB.N,2018,21.356149641939865,9.267834598312828e-101
BHLB.N,2019,28.62880990531189,1.148154426580988e-174
BHLB.N,2020,10.733380966717068,1.9665598925818175e-26
BHLB.N,2021,33.52405366635893,3.444008451898931e-235
BHLB.N,2022,36.07211293445994,3.104522961584841e-285
BHLB.N,2023,25.354625397527844,3.9953029965059305e-142
BKU.N,2016,24.56239246568207,1.5943239612059683e-133
BKU.N,2017,34.55112553120252,6.854751354141674e-262
BKU.N,2018,32.808170378402785,2.2513209832344407e-236
BKU.N,2019,24.962208442396005,7.868895113946862e-138
BKU.N,2020,12.431186342996714,2.412276089219212e-35
BKU.N,2021,29.963154360505413,1.0726181670521223e-195
BKU.N,2022,21.39252037489498,7.842536361083765e-102
BKU.N,2023,10.221531080771804,7.940619061267588e-25
BMRC.OQ,2017,76.96953282374608,0.0
BMRC.OQ,2018,72.85021220912128,0.0
BMRC.OQ,2019,68.69626460205994,0.0
BMRC.OQ,2020,34.60300390465393,1.1384210899008514e-262
BMRC.OQ,2021,62.93816134187624,0.0
BMRC.OQ,2022,32.05089049160268,1.943257855101835e-211
BMRC.OQ,2023,22.972868890860973,4.364543487323614e-117
BOH.N,2016,48.95741971462783,0.0
BOH.N,2017,52.56627609973657,0.0
BOH.N,2018,36.71314090889558,2.253379071808221e-295
BOH.N,2019,37.78128978388434,0.0
BOH.N,2020,17.378760671865507,3.7396010887372e-67
BOH.N,2021,46.83936307055563,0.0
BOH.N,2022,38.62394900158247,0.0
BOKF.OQ,2016,23.39783211473915,2.2947597720180857e-121
BOKF.OQ,2017,34.63528166366386,3.7205377736172685e-263
BOKF.OQ,2018,25.68386854998903,3.768806956581956e-139
BOKF.OQ,2019,20.350694580605918,1.8564704480202618e-90
BOKF.OQ,2020,11.47559229966539,4.27165831392642e-30
BOKF.OQ,2021,34.18646486896176,1.9212413907612367e-256
BOKF.OQ,2022,16.6100820749208,2.9456273053626616e-62
BOKF.OQ,2023,16.60591126430919,7.796469244852651e-62
BRKL.OQ,2017,52.41016495087373,0.0
BRKL.OQ,2018,39.34605452291648,0.0
BRKL.OQ,2019,41.546072270572,0.0
BRKL.OQ,2020,24.009292338688013,1.1119783553069528e-127
BRKL.OQ,2021,42.37752787692683,0.0
BRKL.OQ,2022,28.54824489909205,1.4767311973095188e-179
BSRR.OQ,2018,39.05064757946342,0.0
BSRR.OQ,2019,38.9471378563613,0.0
BUSE.OQ,2017,51.381548827731415,0.0
BUSE.OQ,2018,39.86841233528329,0.0
BUSE.OQ,2019,42.16902032584078,0.0
BUSE.OQ,2020,23.632594728583474,9.015682084161204e-124
BUSE.OQ,2021,39.523876638831,0.0
BUSE.OQ,2022,28.984489256275378,2.2455892487070913e-172
BUSE.OQ,2023,28.783968569240344,1.7025091838601293e-182
BWFG.OQ,2018,71.90332875626392,0.0
BWFG.OQ,2019,52.5710361054935,0.0
BWFG.OQ,2020,11.180782555334343,8.228824433745853e-29
BWFG.OQ,2021,33.26932147041858,5.364624500819233e-243
BWFG.OQ,2022,36.87197935985664,5.3237426984927664e-278
BWFG.OQ,2023,25.86652516519669,7.930011205833077e-148
CAC.OQ,2017,33.821829086663165,4.710903483067174e-251
CAC.OQ,2018,38.74187858462568,0.0
CAC.OQ,2019,35.083775096763944,5.9586830404006414e-270
CAC.OQ,2020,22.04255735279904,3.6758788748077e-104
CAC.OQ,2021,38.52370939968513,0.0
CAC.OQ,2022,62.84414844676287,0.0
CADE.N,2019,30.47897623389049,2.475181138797692e-204
CADE.N,2020,21.27101582315754,1.0533443807609526e-100
CADE.N,2021,32.42872137822533,5.063762401564178e-216
CADE.N,2022,23.857935515151503,1.855952379917446e-120
CATY.OQ,2016,31.551557541050794,8.535041639424037e-219
CATY.OQ,2017,39.65979972057262,0.0
CATY.OQ,2018,35.60251872129321,1.5513727231011535e-267
CATY.OQ,2019,30.35516031166666,1.073927634395238e-202
CATY.OQ,2020,20.441728502099984,3.558665951049857e-93
CATY.OQ,2021,61.553762447005525,0.0
CATY.OQ,2022,28.786557284513552,1.580113353821941e-182
CATY.OQ,2023,22.580091364493267,3.400401660905777e-113
CBAN.N,2018,38.85973682626018,0.0
CBAN.N,2019,68.1622719161928,0.0
CBAN.N,2020,25.06543171778374,3.6191062791278106e-137
CBAN.N,2021,39.79635905480856,0.0
CBAN.N,2022,41.79618543972513,0.0
CBFV.OQ,2018,46.26415419379453,0.0
CBFV.OQ,2019,41.064436633270304,0.0
CBFV.OQ,2020,15.645661327044689,1.7782762032358193e-55
CBFV.OQ,2021,41.64822960230897,0.0
CBFV.OQ,2022,62.43812021922002,0.0
CBFV.OQ,2023,32.012384472248485,3.666477200883225e-225
CBSH.OQ,2016,46.63318646124469,0.0
CBSH.OQ,2017,60.05956605039364,0.0
CBSH.OQ,2018,41.75036823536526,0.0
CBSH.OQ,2019,44.77066487519038,0.0
CBSH.OQ,2020,22.927516204851727,2.889809661982236e-113
CBSH.OQ,2021,48.495954423481706,0.0
CBSH.OQ,2022,50.991440446109216,0.0
CBSH.OQ,2023,26.601175336145314,1.9185810645693253e-153
CBU.N,2016,42.59108560762383,0.0
CBU.N,2017,49.46507671881446,0.0
CBU.N,2018,37.95690031503118,0.0
CBU.N,2019,38.78156414401913,0.0
CBU.N,2020,41.99628982654897,0.0
CBU.N,2021,45.44721289221408,0.0
CBU.N,2022,43.64877212571683,0.0
CBU.N,2023,24.575350446577133,1.0014105165595866e-129
CCBG.OQ,2017,37.94359449122321,0.0
CCBG.OQ,2018,34.23299252209689,5.8664121571935444e-251
CCBG.OQ,2019,43.400023741446205,0.0
CCBG.OQ,2020,22.719530903012394,2.3813782166159e-114
CCBG.OQ,2021,43.0329900861622,0.0
CCBG.OQ,2022,37.146353560989354,5.095572191414378e-292
CCBG.OQ,2023,33.357069556572455,2.876611435312003e-244
CCNE.OQ,2017,27.33682061904013,7.745815776381658e-165
CCNE.OQ,2018,32.40524058984782,1.1578372463805688e-230
CCNE.OQ,2019,28.35674530826568,2.8088524298138544e-175
CCNE.OQ,2020,23.11506254290041,2.4922396186398333e-118
CCNE.OQ,2021,54.332089330842635,0.0
CCNE.OQ,2022,37.05178967940336,8.402854602675882e-301
CCNE.OQ,2023,28.70416689208728,9.20905782871206e-173
CFFI.OQ,2018,20.798216251719133,3.468166899751879e-88
CFFI.OQ,2019,28.92465360287104,1.0950990316879429e-183
CFFI.OQ,2020,23.042996834482395,1.7902175494987277e-109
CFFI.OQ,2021,34.63091966946865,2.1474209746988344e-255
CFFI.OQ,2022,41.26139055012031,0.0
CFG.N,2016,17.424429660406396,2.793795446469407e-68
CFG.N,2017,32.535389742094964,3.835870166452184e-222
CFG.N,2018,28.162092778126272,8.520577782339966e-175
CFG.N,2019,25.344906029931384,1.488943790316622e-141
CFG.N,2020,12.387456009577988,1.5279214270684369e-35
CFG.N,2021,32.54466619701374,1.615399853811115e-226
CFG.N,2022,20.893625963080446,1.62634333033658e-94
CFR.N,2016,23.911417943079137,1.1650123186242914e-126
CFR.N,2017,40.201750009254,0.0
CFR.N,2018,29.502000478336615,2.1932467502418254e-187
CFR.N,2019,29.03489635959756,1.1936540447560947e-185
CFR.N,2020,14.677267541289757,4.50753545916917e-49
CFR.N,2021,34.18371829330775,2.1105396696704952e-256
CFR.N,2022,26.136842600002907,7.844847143272497e-151
CHCO.OQ,2017,33.912399511966456,2.1867932738023376e-252
CHCO.OQ,2018,39.62523694706758,0.0
CHCO.OQ,2019,43.19825562457986,0.0
CHCO.OQ,2020,34.32269117474845,1.0787251497785264e-248
CHCO.OQ,2021,45.804020300863286,0.0
CHCO.OQ,2022,39.72112268785242,0.0
CHCO.OQ,2023,31.74035994859058,1.3286766632676442e-215
CHMG.OQ,2018,45.87922265285589,0.0
CHMG.OQ,2019,43.99455710425829,0.0
CHMG.OQ,2020,27.455847641890898,3.3424667206572986e-157
CHMG.OQ,2021,42.61790439783522,0.0
CHMG.OQ,2022,34.936807618457074,5.31632655294295e-264
CHMG.OQ,2023,26.330151030270603,4.331881986733216e-153
CIVB.OQ,2018,28.26315284501513,2.8730816720191316e-163
CIVB.OQ,2019,38.28291052170601,3.517896991682812e-297
CIVB.OQ,2020,19.032708123268975,3.0074070214116835e-76
CIVB.OQ,2021,34.31496617993322,2.3484587576049048e-258
CIVB.OQ,2022,29.054768391753043,1.3322218989786314e-177
CIVB.OQ,2023,21.4629475151416,2.1875719389586133e-93
CMA.N,2016,19.55703763008756,1.796788811163825e-85
CMA.N,2017,42.51039518576196,0.0
CMA.N,2018,29.16466195715111,2.9564501781430313e-157
CMA.N,2019,19.372812223161517,7.544945669667551e-84
CMA.N,2020,9.815092925908994,8.167093759563655e-22
CMA.N,2021,33.08786600333615,2.221022115136532e-240
CMA.N,2022,27.078674861249283,1.7967939257650648e-159
CMA.N,2023,10.697591792730144,5.2228857161355775e-27
CNOB.OQ,2017,41.21873563784743,0.0
CNOB.OQ,2018,41.1840948262341,0.0
CNOB.OQ,2019,34.96150916433893,4.3285849558510044e-268
CNOB.OQ,2020,15.221087445257371,2.966470599701485e-52
CNOB.OQ,2021,44.98970109397826,0.0
CNOB.OQ,2022,30.487463403620314,4.58811141210487e-191
CNOB.OQ,2023,15.54055238876559,9.219361579156555e-55
COLB.OQ,2016,42.733416250208045,0.0
COLB.OQ,2017,45.634657764025405,0.0
COLB.OQ,2018,47.13278762929612,0.0
COLB.OQ,2019,31.210397951665126,1.0544266823189525e-204
COLB.OQ,2020,27.101078297824667,6.315559017095593e-160
COLB.OQ,2021,43.11850799694098,0.0
COLB.OQ,2022,29.862256735522486,2.76313489958756e-193
COLB.OQ,2023,18.9810760291986,1.2226812594768182e-80
CPF.N,2017,51.48568855097248,0.0
CPF.N,2018,41.285319459733714,0.0
CPF.N,2019,36.15597843792932,7.604839320684818e-284
CPF.N,2020,18.810258101565275,5.420372784204208e-76
CPF.N,2021,42.141783780612826,0.0
CPF.N,2022,38.133656594225066,0.0
CPF.N,2023,24.803647441239377,4.094158997088581e-136
CTBI.OQ,2017,45.40271644078135,0.0
CTBI.OQ,2018,33.89164245141798,8.610884358660022e-222
CTBI.OQ,2019,42.086721408652096,0.0
CUBI.N,2017,24.13721029404215,5.086623764598831e-129
CUBI.N,2018,27.780233352812616,6.525727730644971e-144
CUBI.N,2019,19.305400501602268,2.4189406015732645e-83
CUBI.N,2020,7.984019902415309,1.1410304046763142e-14
CUBI.N,2021,28.352065559289244,3.9466697305433595e-177
CUBI.N,2022,19.71515717467871,7.990946286264432e-87
CVBF.OQ,2016,31.768205687718385,8.900001201102207e-222
CVBF.OQ,2017,40.92607214304829,0.0
CVBF.OQ,2018,46.78052094455761,0.0
CVBF.OQ,2019,54.05498766181081,0.0
CVBF.OQ,2020,42.17859662950475,0.0
CVBF.OQ,2021,42.53175312115854,0.0
CVBF.OQ,2022,40.76915400650974,0.0
CVBF.OQ,2023,13.93795067425248,3.50346119076669e-44
CZNC.OQ,2018,62.164110963902246,0.0
CZNC.OQ,2019,39.2999400949525,0.0
CZNC.OQ,2020,29.226993109061624,4.4027788185813394e-188
CZNC.OQ,2021,51.148207934728774,0.0
CZNC.OQ,2022,69.14932961702962,0.0
CZNC.OQ,2023,26.7918201339868,2.012158785556779e-158
DCOM.OQ,2017,46.700911849909474,0.0
DCOM.OQ,2018,38.36885659680364,3.742335528269485e-237
DCOM.OQ,2019,27.3045172213643,3.354403338169012e-161
DCOM.OQ,2020,19.92820499458208,9.066011941620694e-87
DCOM.OQ,2021,40.453352552783024,0.0
DCOM.OQ,2022,24.9642976837182,1.125497180872666e-112
DFS.N,2016,20.734113428814055,2.3092793854233917e-95
DFS.N,2017,30.45280906416664,2.1742421217783702e-203
DFS.N,2018,22.53851861465488,8.70224947134347e-113
DFS.N,2019,22.13493384322904,7.28633526165413e-109
DFS.N,2020,9.13501067683786,5.093600954096612e-20
DFS.N,2021,23.178599715840303,8.750113897958909e-111
DFS.N,2022,19.377071308587155,6.025658305535232e-84
DFS.N,2023,17.717151415839055,1.5458854954957167e-70
EBMT.OQ,2018,50.22553862559917,0.0
EBMT.OQ,2019,39.83821027381866,0.0
EBMT.OQ,2022,52.85674665767051,0.0
EBTC.OQ,2017,26.475449679685603,9.294227885770167e-155
EBTC.OQ,2018,36.94237984737903,4.826874117280141e-299
EBTC.OQ,2019,33.68018903224976,4.636988245091637e-246
EBTC.OQ,2020,33.17275393804522,5.16190203788954e-221
EBTC.OQ,2021,45.9087747608727,0.0
EBTC.OQ,2022,35.5338043159512,3.1733461899906865e-235
EBTC.OQ,2023,30.18365406483115,1.9409907837398653e-200
EFSC.OQ,2017,49.60646937402841,0.0
EFSC.OQ,2018,26.06047429792264,5.118074410277853e-150
EFSC.OQ,2019,31.17934255000597,1.0153197190619405e-213
EFSC.OQ,2020,18.903223001987115,3.906277445495591e-79
EFSC.OQ,2021,26.727536992356235,9.307788889864625e-149
EFSC.OQ,2022,28.353163146586763,8.032278067203177e-159
EFSC.OQ,2023,27.37679289493979,2.59135706924109e-165
EGBN.OQ,2020,19.01557542994253,6.336930153658642e-81
EGBN.OQ,2021,48.582403624358726,0.0
EGBN.OQ,2022,38.866889537929644,0.0
EGBN.OQ,2023,12.144854854812325,3.054545364050364e-34
EVBN.A,2018,32.57540377716671,4.574168052060102e-233
EVBN.A,2019,52.72127554946822,0.0
EVBN.A,2020,13.350654539552409,1.022570333199761e-39
EVBN.A,2021,60.21316483380309,0.0
EVBN.A,2022,37.30340963793556,7.224857054583739e-305
EVBN.A,2023,18.33116525674209,2.333984485998621e-75
EWBC.OQ,2016,22.35345091458891,3.4241783130460983e-110
EWBC.OQ,2017,65.84237963669737,0.0
EWBC.OQ,2018,32.65273358643651,2.6798484731677897e-224
EWBC.OQ,2019,24.073766948418935,5.823313309521503e-128
EWBC.OQ,2020,14.844207878587792,1.9190222264684132e-48
EWBC.OQ,2021,35.39965166237833,4.926153781718219e-274
EWBC.OQ,2022,34.95938372113689,3.843815222596624e-248
FBIZ.OQ,2018,30.664091924488012,1.6803299109957492e-197
FBIZ.OQ,2019,34.18113576027153,2.305497186146938e-256
FBIZ.OQ,2020,14.139151996924406,1.536751207992813e-45
FBIZ.OQ,2021,39.709423194820374,0.0
FBIZ.OQ,2022,26.945150878341263,3.250869324392368e-160
FBIZ.OQ,2023,24.099067674750938,1.278304132593183e-128
FBNC.OQ,2017,38.71969449867383,7.391409227670796e-302
FBNC.OQ,2018,28.331378329500964,7.098701974287505e-177
FBNC.OQ,2019,36.74324059288387,7.453552336269738e-296
FBNC.OQ,2020,20.39872405936972,8.581787156662935e-93
FBNC.OQ,2021,38.99741113560955,0.0
FBNC.OQ,2022,26.65587351231318,8.993920177864798e-134
FBNC.OQ,2023,24.526699160013496,3.8342552253931504e-133
FCBC.OQ,2019,75.81821171287365,0.0
FCBC.OQ,2020,50.50988789889274,0.0
FCBC.OQ,2021,53.70243014332982,0.0
FCBC.OQ,2022,53.423090124875785,0.0
FCBC.OQ,2023,37.58707902031561,4.98667031299774e-307
FCCO.OQ,2018,32.792868781811116,1.5723920988908293e-200
FCCO.OQ,2019,49.38154408770902,0.0
FCCO.OQ,2020,25.43612165260653,1.466608907267777e-134
FCCO.OQ,2021,48.07707123535489,0.0
FCCO.OQ,2022,41.37647221109097,0.0
FCCO.OQ,2023,20.050968874199206,9.897616173987176e-90
FCF.N,2017,49.14447345491156,0.0
FCF.N,2018,30.607021701490453,1.1086719047984906e-203
FCF.N,2019,36.74356389551223,7.36546892996195e-296
FCF.N,2020,24.06647930299087,3.450541030281984e-116
FCF.N,2021,44.33458029572786,0.0
FCF.N,2022,35.05597736304687,1.5807806906400248e-269
FCF.N,2023,24.275162395478283,1.793601038507715e-130
FCNCA.OQ,2016,23.52046216732641,1.2594841457096735e-122
FCNCA.OQ,2017,27.136763916190496,1.265248646375681e-151
FCNCA.OQ,2018,21.020573380694703,2.126326487987734e-98
FCNCA.OQ,2019,31.80074109087337,3.161065475800755e-222
FCNCA.OQ,2020,9.924794317320767,1.6238581222176438e-23
FCNCA.OQ,2021,19.87504715567915,1.1533453021617232e-71
FCNCA.OQ,2022,16.80318903401609,1.1563423342134512e-63
FFBC.OQ,2016,31.01042925787859,1.9499309091053913e-211
FFBC.OQ,2017,36.63956073996455,7.542195051576035e-290
FFBC.OQ,2018,30.020673029197294,9.363113187302164e-194
FFBC.OQ,2019,28.08637573809614,2.2572933527339755e-171
FFBC.OQ,2020,18.011674992107803,1.85918426160819e-67
FFBC.OQ,2021,35.499878855778704,2.5686812574175118e-276
FFBC.OQ,2022,22.740277300736693,8.954705029465404e-115
FFBC.OQ,2023,26.603545832158986,3.088106341598453e-156
FFIC.OQ,2017,32.86535012590838,2.0162635962446883e-215
FFIC.OQ,2018,44.79009129412935,0.0
FFIC.OQ,2019,37.62865873549226,3.65461299716125e-310
FFIC.OQ,2020,16.490476155916188,2.147754922080696e-61
FFIC.OQ,2021,36.56849797034965,4.531433086513698e-293
FFIC.OQ,2022,39.04692860150327,5.967743985632192e-277
FFIC.OQ,2023,16.26508301328471,8.731513982771424e-60
FFIN.OQ,2016,35.940840867451456,2.7928381025032946e-273
FFIN.OQ,2017,37.73902081576217,0.0
FFIN.OQ,2018,43.21686249802536,0.0
FFIN.OQ,2019,42.337547920372,0.0
FFIN.OQ,2020,34.78857610798564,1.8102838578125688e-265
FFIN.OQ,2021,45.50885887289168,0.0
FFIN.OQ,2022,40.83876567016903,0.0
FFIN.OQ,2023,27.16596398874155,9.7227355521718e-162
FGBI.OQ,2018,53.600728928714645,0.0
FGBI.OQ,2019,31.85460384476404,2.073700199798029e-222
FGBI.OQ,2020,22.23166090692954,8.48684882686772e-110
FGBI.OQ,2021,45.599368553851015,0.0
FGBI.OQ,2022,21.12986259952171,2.113878106021964e-99
FHN.N,2016,31.775349198965955,7.344810929134835e-222
FHN.N,2017,47.291813276632645,0.0
FHN.N,2018,34.951898770396085,2.716839237757339e-252
FHN.N,2019,33.4309299092772,3.528830818154442e-240
FHN.N,2020,14.510803795761614,5.175029373056743e-48
FHN.N,2021,33.26496488609408,1.809866009234608e-234
FHN.N,2022,23.89185251498593,1.861147301805341e-126
FHN.N,2023,13.018121429674025,9.230271631205867e-39
FISI.OQ,2017,34.218579387613424,6.399512013819695e-257
FISI.OQ,2018,32.98208020515354,7.912475604990309e-229
FISI.OQ,2019,38.35414270898941,0.0
FISI.OQ,2020,17.387729900432745,5.725295156803815e-68
FISI.OQ,2021,37.4909420543197,4.2492032497369973e-299
FISI.OQ,2022,43.58530046580821,0.0
FISI.OQ,2023,16.40113208473537,4.008856330152201e-47
FITB.OQ,2016,21.32458799328637,3.357113196789345e-101
FITB.OQ,2017,42.80317217327981,0.0
FITB.OQ,2018,31.01708990398875,7.960064527428062e-205
FITB.OQ,2019,27.666300873094613,8.884630374707746e-169
FITB.OQ,2020,12.307482825141726,3.959467812945238e-32
FITB.OQ,2021,32.54178407924779,1.368178764991945e-232
FITB.OQ,2022,22.42642268998456,1.08716251261255e-111
FLG.N,2016,39.07493248897004,0.0
FLG.N,2017,40.353050888873014,3.945218019548796e-292
FLG.N,2018,35.09103822826219,6.81835393924236e-263
FLG.N,2019,18.68231363031785,3.4482101292222004e-78
FLG.N,2020,20.23810638287932,1.1060003767732115e-79
FLG.N,2021,26.10432693818853,1.6279470460796637e-150
FLG.N,2022,20.96081568228467,2.597393768523127e-96
FLG.N,2023,16.36870828970752,1.8171941014926667e-56
FLIC.OQ,2017,38.07770811410542,0.0
FLIC.OQ,2018,37.83723649983308,3.5815400515491148e-217
FLIC.OQ,2019,33.901156979458776,4.228272681072026e-247
FMBH.OQ,2017,44.41014159872047,0.0
FMBH.OQ,2018,31.89838042703452,1.8670857608454028e-215
FMBH.OQ,2019,50.21723071259869,0.0
FMBH.OQ,2020,24.170165349459197,4.10649417185124e-125
FMBH.OQ,2021,27.25414579077997,7.420436624095494e-164
FMBH.OQ,2022,33.57799694452573,1.7574854384178786e-247
FMNB.OQ,2017,40.11075801399552,0.0
FMNB.OQ,2018,36.275733757862724,1.8278556708316676e-259
FMNB.OQ,2019,42.149307769198444,0.0
FMNB.OQ,2020,30.655043528004043,1.7916648751515328e-206
FMNB.OQ,2021,37.34192855635183,1.7627658670420322e-298
FMNB.OQ,2022,40.829989629852875,0.0
FMNB.OQ,2023,28.623096224996694,7.68615134723411e-169
FNB.N,2018,31.489735040955157,6.002870106762632e-218
FNB.N,2019,24.99155167382758,3.776675816678215e-138
FNB.N,2020,20.3090148763646,7.47028485338718e-90
FNB.N,2021,36.55129614473737,8.50288082844519e-293
FNB.N,2022,28.04639558541213,2.2100220340574118e-173
FNB.N,2023,25.87339092964021,6.637748353552807e-148
FNLC.OQ,2018,50.87371783829359,0.0
FNLC.OQ,2019,48.23636498573925,0.0
FNLC.OQ,2020,29.585126052872848,1.1608431048702192e-192
FNLC.OQ,2021,37.93825133097025,0.0
FNLC.OQ,2022,41.199564706385615,0.0
FNLC.OQ,2023,39.345763694662594,0.0
FNWB.OQ,2018,45.884368465905865,0.0
FNWB.OQ,2019,69.08016116849942,0.0
FNWB.OQ,2020,14.106087050085058,1.7418963063782142e-45
FNWB.OQ,2021,28.78881202631916,1.4806921628680403e-182
FNWB.OQ,2022,26.89410084243546,1.2872091286162178e-159
FNWB.OQ,2023,20.44744469303732,1.8684487921936207e-92
FRBA.OQ,2018,53.87953803596892,0.0
FRBA.OQ,2019,62.070487435747935,0.0
FRBA.OQ,2020,18.72771163504797,1.4714843739342242e-78
FRBA.OQ,2021,41.06471719720001,0.0
FRBKQ.PK,2017,53.35215384839409,0.0
FRBKQ.PK,2018,33.049992957383694,7.779808930606981e-240
FRBKQ.PK,2019,47.00602550855944,0.0
FRCB.PK,2016,33.9577113700946,4.692793077229508e-253
FRCB.PK,2017,37.7778005292187,1.273626362492697e-261
FRCB.PK,2018,30.65093917465608,1.2838066048936015e-206
FRCB.PK,2019,28.2706427089928,3.9683366308945065e-176
FRCB.PK,2020,16.417761685751596,7.136787803974734e-61
FRME.OQ,2016,31.532407231616528,1.8377477031536094e-214
FRME.OQ,2017,52.57962595366074,0.0
FRME.OQ,2018,29.96281800198914,3.71517802730362e-197
FRME.OQ,2019,31.606718428708295,1.699498189894793e-218
FRME.OQ,2020,19.00323663942413,8.017230773488245e-81
FRME.OQ,2021,35.892496055815656,1.9999419381172647e-282
FRME.OQ,2022,25.42080583753812,7.425615362560417e-143
FRME.OQ,2023,21.469971054442563,1.4860170255619853e-102
FRST.OQ,2017,49.96903513761806,0.0
FRST.OQ,2018,32.03826627975291,1.5992766048801335e-225
FRST.OQ,2019,35.85016039022355,9.142492832339875e-282
FRST.OQ,2020,18.367969693757086,2.0050867107671755e-63
FRST.OQ,2021,44.16905562282732,0.0
FRST.OQ,2022,62.237931507508215,0.0
FRST.OQ,2023,21.276293927447814,9.412360103588691e-101
FSBW.OQ,2018,27.41786202899309,8.398786490384657e-166
FSBW.OQ,2019,37.93953492927507,9.614527310442599e-308
FSBW.OQ,2022,31.962275344236268,8.611195217381864e-216
FSBW.OQ,2023,26.07551465683992,3.4560661888712405e-150
FULT.OQ,2016,43.41891269960655,0.0
FULT.OQ,2017,44.89131496608999,0.0
FULT.OQ,2018,40.382824780053376,0.0
FULT.OQ,2019,37.11624992244982,7.682737600357907e-302
FULT.OQ,2020,22.279456285416742,2.923162084889369e-110
FULT.OQ,2021,40.29183652263666,0.0
FULT.OQ,2022,26.729398801458387,9.697828077700938e-154
FULT.OQ,2023,20.42512584466933,1.8474961597021628e-90
FUNC.OQ,2018,32.89148185581146,1.4547051588635688e-237
FUNC.OQ,2019,49.67801975947154,0.0
FUNC.OQ,2020,12.730812783763877,3.380543286903153e-33
FUNC.OQ,2021,37.62310296155777,4.5049578871329e-310
FUNC.OQ,2022,28.622238232016485,7.195890400727329e-170
FUNC.OQ,2023,19.470339896142768,4.701200790097712e-82
GABC.OQ,2017,32.63831846742416,5.868701973459977e-234
GABC.OQ,2018,39.43085889446411,0.0
GABC.OQ,2019,52.65417732398121,0.0
GABC.OQ,2020,35.71155795951531,6.161183134394766e-270
GABC.OQ,2021,31.138278887900533,3.398870618907773e-203
GABC.OQ,2022,35.6549983671848,2.8374302812385226e-228
GABC.OQ,2023,30.36098744682556,1.427305249850596e-191
GBCI.N,2016,34.48645837353731,6.710512365123273e-261
GBCI.N,2017,37.3071721101706,6.278095159987324e-305
GBCI.N,2018,34.75661445482494,4.312223452442504e-254
GBCI.N,2019,45.97763150735944,0.0
GBCI.N,2020,25.2447922668961,8.724889323583294e-141
GBCI.N,2021,41.93590717721484,0.0
GBCI.N,2022,25.171694040945482,7.16372225781655e-140
GSBC.OQ,2017,35.910940477019615,2.2677281777968305e-197
GSBC.OQ,2018,30.490632268493783,2.133400678512504e-204
GSBC.OQ,2019,30.238665223925885,3.676700763914813e-201
GSBC.OQ,2020,20.533925962872257,5.357868678318769e-94
GSBC.OQ,2021,55.08630230442063,0.0
GSBC.OQ,2022,45.706091281480454,0.0
GSBC.OQ,2023,25.79960209902073,1.5586738642507573e-144
HAFC.OQ,2017,34.0391514765641,2.9369918583348743e-254
HAFC.OQ,2018,30.42802109885076,1.1701831175305209e-203
HAFC.OQ,2019,27.3943894068247,2.0214037434636044e-164
HAFC.OQ,2020,15.74674368143267,9.259204925491047e-56
HBAN.OQ,2016,22.697761434446903,2.3569702188832742e-114
HBAN.OQ,2017,47.948910013346136,0.0
HBAN.OQ,2018,33.11427447245093,6.427428415458004e-239
HBAN.OQ,2019,33.08621299223445,4.296704815233347e-237
HBAN.OQ,2020,17.407362043856782,3.6275393235734027e-68
HBAN.OQ,2021,38.44514180240499,0.0
HBAN.OQ,2022,29.154894678962407,9.26970315214907e-175
HBCP.OQ,2018,50.132107181868896,0.0
HBCP.OQ,2019,53.66685231812541,0.0
HBCP.OQ,2020,22.73558525087344,9.964932359986964e-115
HBCP.OQ,2021,45.13333240944296,0.0
HBCP.OQ,2022,32.142235201564624,4.1314021516543763e-224
HBCP.OQ,2023,25.360454904532233,8.320705914558662e-142
HBNC.OQ,2017,38.290195814848566,0.0
HBNC.OQ,2018,31.730056472076377,2.991784336605698e-221
HBNC.OQ,2019,41.35193007992051,0.0
HBNC.OQ,2020,14.989639848068595,1.4365079936168231e-49
HBNC.OQ,2021,44.5489674416183,0.0
HBNC.OQ,2022,27.934935680667095,7.528901031676457e-147
HBNC.OQ,2023,14.456162164107283,1.1461386685029592e-47
HFWA.OQ,2017,41.95011702025856,0.0
HFWA.OQ,2018,42.793065314825455,0.0
HFWA.OQ,2019,54.2153747004284,0.0
HFWA.OQ,2020,34.068869484577235,2.83551100766316e-254
HFWA.OQ,2021,43.25028754337227,0.0
HFWA.OQ,2022,36.46680581587648,1.8630358526352628e-291
HFWA.OQ,2023,20.656187774382293,4.294149780186853e-95
HIFS.OQ,2017,22.091593272654382,1.187274251953242e-107
HIFS.OQ,2018,22.623506024517287,1.2721784568893432e-113
HIFS.OQ,2019,22.810227853368318,1.814804917699727e-115
HIFS.OQ,2020,17.043645332273435,2.1559074551046507e-64
HIFS.OQ,2021,30.129927304173197,9.827680214897479e-200
HIFS.OQ,2022,12.66164129590753,4.823064285208426e-37
HIFS.OQ,2023,10.627197177238685,1.1135253252510166e-26
HMST.OQ,2017,25.08565212945829,3.5663373971082966e-139
HMST.OQ,2018,20.40724924443136,7.20868891255024e-93
HMST.OQ,2019,30.903066999293408,5.431721864000736e-210
HMST.OQ,2020,18.751044201076464,9.4913501494781e-79
HOMB.N,2016,29.89294496061489,1.215216215799561e-196
HOMB.N,2017,40.50105525123985,0.0
HOMB.N,2018,33.15659173700693,2.2753456325591204e-241
HOMB.N,2019,34.3369033412101,1.490585319026927e-257
HOMB.N,2020,19.228440655409408,1.4019591080636767e-79
HOMB.N,2021,31.533107688165742,1.5282607008026666e-218
HOMB.N,2022,39.4519225966666,0.0
HOMB.N,2023,35.398926401582166,8.868351346877845e-275
HOPE.OQ,2017,38.153825547505306,0.0
HOPE.OQ,2018,28.52444340086431,2.9150027989744592e-179
HOPE.OQ,2019,31.025353338185333,1.6214071353890734e-211
HOPE.OQ,2020,18.72485896663218,1.5524635098451543e-78
HOPE.OQ,2021,36.171910194718926,1.5350567574408435e-271
HOPE.OQ,2022,29.690956365654536,7.718236498747594e-165
HOPE.OQ,2023,17.34924977230681,9.99184788451466e-68
HTBK.OQ,2018,40.16770534110245,0.0
HTBK.OQ,2019,42.352942445438096,0.0
HTBK.OQ,2020,26.63706586995273,1.2636302746293655e-156
HTBK.OQ,2021,37.067302709078874,3.2650177498737553e-282
HTBK.OQ,2022,36.48278754573391,1.0396036002586549e-291
HTH.N,2016,26.325356433701877,3.4029911388881674e-150
HTH.N,2017,32.15360998691227,1.0244681459862334e-218
HTH.N,2018,52.56969015610423,0.0
HTH.N,2019,40.44406521095138,0.0
HTH.N,2020,16.975802458961116,1.409986871464669e-60
HTH.N,2021,34.917310356113994,4.702072404590848e-267
HTH.N,2022,23.587441036293185,2.593055229996341e-123
HTH.N,2023,29.677102521641785,8.335367949216406e-194
HWBK.OQ,2018,51.03959975094478,0.0
HWBK.OQ,2019,33.40065431585006,6.706552416067765e-245
HWBK.OQ,2020,21.29530572080713,7.010413323324471e-92
HWBK.OQ,2021,29.784706311181427,3.0822826888163713e-195
HWBK.OQ,2022,44.61694194580654,0.0
HWC.OQ,2016,30.38890811662076,3.8489849695321547e-203
HWC.OQ,2017,43.606348591819845,0.0
HWC.OQ,2018,30.28428576444763,2.4123470804507896e-177
HWC.OQ,2019,21.80867816688763,9.597091386462234e-106
HWC.OQ,2020,11.668104792645913,2.653481581382994e-28
HWC.OQ,2021,35.518690980096046,1.2648992884950417e-276
HWC.OQ,2022,23.01386669503916,1.6930151181810953e-117
HWC.OQ,2023,17.67526604189112,3.251645692629661e-70
IBCP.OQ,2019,45.15258570210485,0.0
IBCP.OQ,2020,17.113405023735446,2.773122732635357e-63
IBCP.OQ,2021,44.91732259237672,0.0
IBCP.OQ,2022,31.56581628488846,5.439798873328124e-219
IBCP.OQ,2023,23.038778915080485,1.9292800966269475e-117
IBOC.OQ,2016,26.588298385981453,4.6350623458454893e-156
IBOC.OQ,2017,28.42194906917556,3.7625756910186377e-166
IBOC.OQ,2018,32.225898729367515,8.939973264929978e-224
IBOC.OQ,2019,30.797260198949083,2.05641257508176e-195
IBOC.OQ,2020,18.23870178935052,1.2721484494659865e-74
IBOC.OQ,2021,32.238467707782185,2.552165826925675e-228
IBOC.OQ,2022,31.522359866144026,4.491729591341979e-215
IBOC.OQ,2023,27.044963262231793,1.2586302732923307e-154
INBK.OQ,2018,23.36862608923603,3.620217745686872e-99
INBK.OQ,2019,27.8616377862755,2.3338392090931535e-170
INBK.OQ,2020,11.355021992131498,3.5011136124654124e-30
INBK.OQ,2021,24.209191762000746,8.90140621349107e-130
INBK.OQ,2022,17.565484324915722,3.1133520563396568e-56
INDB.OQ,2016,39.53070077092853,0.0
INDB.OQ,2017,43.006260828704,0.0
INDB.OQ,2018,35.08706729036267,1.905838979092015e-263
INDB.OQ,2019,30.882319321992217,1.0317876970132848e-209
INDB.OQ,2020,28.284547747926176,8.002605544069804e-171
INDB.OQ,2021,43.17328785033929,0.0
INDB.OQ,2022,39.924589657130696,0.0
INDB.OQ,2023,15.555997727968755,1.37657233127255e-54
ISTR.OQ,2018,56.097061219489824,0.0
ISTR.OQ,2019,49.10048790308971,0.0
ISTR.OQ,2020,13.573046153246771,1.0417793551211336e-38
ISTR.OQ,2021,27.122340716198146,2.684383236049427e-162
ISTR.OQ,2022,34.78612393805078,1.9716258927020725e-265
JPM.N,2016,24.421047963342634,6.05679962349756e-131
JPM.N,2017,35.03110555109565,3.7818896620413506e-269
JPM.N,2018,30.10371911284363,2.165808206239769e-199
JPM.N,2019,26.872277856893533,2.3162683031925267e-159
JPM.N,2020,13.745917301201937,2.694286032344695e-43
JPM.N,2021,28.203046702993596,1.5230038974825461e-172
JPM.N,2022,18.059259866408667,2.0818837614407948e-72
JPM.N,2023,24.582073941913816,9.821940739146704e-134
KEY.N,2016,21.99749346594811,4.2926269031422635e-105
KEY.N,2017,45.940348768756515,0.0
KEY.N,2018,25.990368924448973,3.0945097631679036e-136
KEY.N,2019,29.90062516094259,9.656560143868185e-197
KEY.N,2020,14.87887863277906,2.2600604851525946e-50
KEY.N,2021,32.801257325228114,3.0031501023599996e-234
KEY.N,2022,23.680286665054766,6.748813530591584e-122
KEY.N,2023,14.160248327919259,8.622897729858514e-45
LARK.OQ,2018,60.419840860733416,0.0
LARK.OQ,2019,53.71942285489989,0.0
LARK.OQ,2020,30.490615743364202,6.856788874449753e-200
LARK.OQ,2021,56.85781358403726,0.0
LARK.OQ,2022,68.67666194620729,0.0
LARK.OQ,2023,27.110690109085898,3.246670870667344e-152
LCNB.OQ,2018,52.738810422522405,0.0
LCNB.OQ,2019,52.23686998543205,0.0
LCNB.OQ,2020,23.59853312027634,2.662823246071663e-123
LCNB.OQ,2021,58.40201384130173,0.0
LCNB.OQ,2022,42.048312339342274,0.0
LKFN.OQ,2017,41.49654240834997,0.0
LKFN.OQ,2018,37.8261800417678,9.95979627931035e-303
LKFN.OQ,2019,40.226323846452914,0.0
LKFN.OQ,2020,26.833008099336023,2.7678577685579244e-151
LKFN.OQ,2021,41.79073329149787,0.0
LKFN.OQ,2022,34.65195294601162,2.087222576142182e-263
LKFN.OQ,2023,28.66194631961821,5.689349744075692e-181
MBWM.OQ,2017,28.22301521176936,1.5261826468717147e-175
MBWM.OQ,2018,43.51174025788749,0.0
MBWM.OQ,2019,29.07290651908899,3.950948637332209e-186
MBWM.OQ,2020,16.006930069795253,5.715629683945528e-58
MBWM.OQ,2021,42.051103677811625,0.0
MBWM.OQ,2022,25.72457647769157,1.353562025363066e-144
MBWM.OQ,2023,18.88204143691481,8.013501534375147e-80
MFIN.OQ,2018,17.71002874861351,1.0467290050010842e-65
MFIN.OQ,2019,16.759782450542243,5.515948834239464e-63
MFIN.OQ,2020,5.742154329614454,4.673978263817256e-09
MFIN.OQ,2021,16.59346531752398,6.772017104302607e-61
MFIN.OQ,2022,21.422018242882753,4.963812546456432e-92
MFIN.OQ,2023,15.909909654467867,2.704574671080054e-57
MOFG.OQ,2017,52.07709128046768,0.0
MOFG.OQ,2018,35.521691670154105,8.923771399170979e-268
MOFG.OQ,2019,31.83996799926979,9.06163681970435e-223
MOFG.OQ,2020,17.68635414029245,2.671103001683292e-70
MOFG.OQ,2021,37.06567078080503,5.021764986209946e-301
MOFG.OQ,2022,22.98525813091208,3.2730906926727686e-117
MPB.OQ,2018,47.52830203122011,0.0
MPB.OQ,2019,69.26155527668203,0.0
MPB.OQ,2020,25.65582893600513,2.0219196390100794e-128
MPB.OQ,2021,43.72328017906083,0.0
MPB.OQ,2022,34.14472605377463,8.040823222423643e-256
MPB.OQ,2023,23.535771471919674,6.813481992149457e-121
MTB.N,2016,28.054627464534946,1.7538288994313537e-173
MTB.N,2017,34.45442172835109,1.5988890999667585e-230
MTB.N,2018,24.56859780851359,1.3685622069507691e-133
MTB.N,2019,26.871232376724272,2.3823564121755973e-159
MTB.N,2020,18.18969131150926,3.1144994338136167e-74
MTB.N,2021,34.0225167419637,4.377882191241451e-250
MTB.N,2022,25.044496862264914,4.656998427528678e-138
NBHC.N,2017,43.57611722263864,0.0
NBHC.N,2018,27.300142383558875,2.1125599202009142e-164
NBHC.N,2019,32.66935042154341,2.128404485674905e-234
NBHC.N,2020,30.461018632915216,4.280499580182879e-204
NBHC.N,2021,48.691161177469084,0.0
NBHC.N,2022,27.686427387094312,5.086392346945677e-169
NBHC.N,2023,25.57962050735114,1.2859576991468582e-144
NBTB.OQ,2016,42.71423368487346,0.0
NBTB.OQ,2017,35.23951591686629,2.4830658257001437e-272
NBTB.OQ,2018,37.532163012631116,5.337875434997954e-291
NBTB.OQ,2019,38.71362588911419,0.0
NBTB.OQ,2020,34.12906972919466,1.3669113393979026e-255
NBTB.OQ,2021,44.14035777503408,0.0
NBTB.OQ,2022,29.10248865177171,1.6694011574247466e-186
NBTB.OQ,2023,22.831455835625768,9.679347870776237e-115
NFBK.OQ,2016,46.44015893667428,0.0
NFBK.OQ,2017,41.13395486408833,0.0
NFBK.OQ,2018,32.94356578896133,7.421163456328177e-234
NFBK.OQ,2019,55.42257256869796,0.0
NKSH.OQ,2019,,
NKSH.OQ,2020,,
NKSH.OQ,2021,,
NKSH.OQ,2022,,
NRIM.OQ,2018,34.98568505840711,1.857130536143514e-268
NRIM.OQ,2019,40.78166985178103,0.0
NRIM.OQ,2020,23.88820219546233,2.03104741049145e-126
NRIM.OQ,2021,35.56666778247941,1.0601771113589566e-263
NRIM.OQ,2022,37.819509857409656,0.0
NRIM.OQ,2023,20.209124405565642,3.5038224212578406e-87
NWBI.OQ,2016,52.82560215711288,0.0
NWBI.OQ,2017,52.44629250757484,0.0
NWBI.OQ,2018,49.356827024043554,0.0
NWBI.OQ,2019,55.44660682561221,0.0
NWBI.OQ,2020,29.38225415692858,4.628596009857637e-190
NWBI.OQ,2021,59.321692130098285,0.0
NWBI.OQ,2022,40.789915316587646,1.5117945503365287e-288
NWFL.OQ,2018,37.42509658733863,7.6346991091603e-307
NWFL.OQ,2019,31.38011956570768,1.8894807518610745e-216
NWFL.OQ,2020,25.6665365319688,1.2781458810691508e-136
NWFL.OQ,2021,68.16476484393978,0.0
NWFL.OQ,2022,40.10251713362014,0.0
NWFL.OQ,2023,19.817476216430325,1.0519949591891855e-87
OCFC.OQ,2017,49.11367032902973,0.0
OCFC.OQ,2018,37.29849600537487,8.67931115963782e-305
OCFC.OQ,2019,34.13526562433752,4.4160200535930045e-254
OCFC.OQ,2020,21.57386796291563,3.77561232935896e-103
OCFC.OQ,2021,34.46509420066644,1.1126831107866377e-256
OCFC.OQ,2022,26.669221106617236,5.356617136127916e-157
OCFC.OQ,2023,16.38486404396181,1.2265843571495363e-60
ONB.OQ,2016,35.01317115099901,7.09106891301304e-269
ONB.OQ,2017,43.44221783092966,0.0
ONB.OQ,2018,35.64547275455931,1.4026014441930875e-278
ONB.OQ,2019,46.18049001613897,0.0
ONB.OQ,2020,27.81998586123101,4.0592787792217183e-162
ONB.OQ,2021,42.67588348111505,0.0
ONB.OQ,2022,27.334955683042622,2.236497540978834e-141
ONB.OQ,2023,21.866116402114574,2.73064858171386e-106
OPOF.OQ,2018,26.100430136082306,1.8025176784135572e-150
OPOF.OQ,2019,32.95150578536118,2.0127279913216357e-238
OPOF.OQ,2020,13.415343477913247,3.120590783465223e-38
OPOF.OQ,2021,36.12823323242807,8.804840418934201e-274
OPOF.OQ,2022,20.317083976366668,5.973653295760742e-91
OPOF.OQ,2023,15.535846433908807,1.2969000101426476e-54
ORRF.OQ,2018,31.553184267491154,1.154242854154729e-206
ORRF.OQ,2019,40.70180575738062,0.0
ORRF.OQ,2020,22.619980817162908,1.6130466931474768e-113
ORRF.OQ,2021,43.75608848805042,0.0
ORRF.OQ,2022,34.18534002923026,1.9966245778077632e-256
ORRF.OQ,2023,21.915201130971944,3.908248220279809e-99
OSBC.OQ,2017,45.59335563880078,0.0
OSBC.OQ,2018,40.261817744059655,0.0
OSBC.OQ,2019,37.03406559852331,8.886988558888101e-293
OSBC.OQ,2020,17.234779117180153,4.689784883367178e-63
OSBC.OQ,2021,30.25760624324386,2.0718884138144482e-201
OSBC.OQ,2022,28.84379758880038,3.030447952685863e-183
OSBC.OQ,2023,24.36970786856918,1.7920499084130997e-131
OVBC.OQ,2018,30.275686389137803,1.9600503788256043e-201
OVBC.OQ,2019,38.19259070301395,1.0239918130894842e-302
OVBC.OQ,2020,23.099675506025733,2.332438409460774e-118
OVBC.OQ,2021,41.52767342983721,0.0
OVBC.OQ,2022,65.95165784606745,0.0
OVBC.OQ,2023,60.24459543863461,0.0
OVLY.OQ,2018,,
OVLY.OQ,2019,,
OVLY.OQ,2020,,
OVLY.OQ,2021,,
OVLY.OQ,2022,,
OZK.OQ,2019,21.480058014848996,1.1960375969933376e-102
OZK.OQ,2020,15.118978090339915,9.325115718961243e-52
OZK.OQ,2021,42.42460240121046,0.0
OZK.OQ,2022,31.84368716102186,8.048681498769218e-223
OZK.OQ,2023,19.797137141387207,1.57549939409874e-87
PB.N,2016,28.373205967391335,2.1923469107581654e-177
PB.N,2017,44.11547470202598,0.0
PB.N,2018,40.48066213723577,0.0
PB.N,2019,30.735615145271645,6.981690647731202e-206
PB.N,2020,21.856713827508003,3.355232478215745e-106
PB.N,2021,55.63486743038742,0.0
PB.N,2022,35.419841274785774,4.3711739304093356e-266
PEBK.OQ,2018,31.27087405214973,6.80590547544973e-211
PEBK.OQ,2019,43.39882613035295,0.0
PEBK.OQ,2020,14.893922111184231,1.804794442434245e-50
PEBK.OQ,2021,34.85614180269495,1.8967663845304952e-257
PEBK.OQ,2022,41.51594395127573,0.0
PEBK.OQ,2023,12.841948083564459,1.0683291328325655e-37
PEBO.OQ,2017,45.47689618592325,0.0
PEBO.OQ,2018,37.647864180488085,1.4929937402638158e-296
PEBO.OQ,2019,49.72384754995292,0.0
PEBO.OQ,2020,23.44273879962121,7.838671519441527e-122
PEBO.OQ,2021,42.72995163533801,0.0
PEBO.OQ,2022,29.94514709031077,2.5444850341797026e-197
PFBC.OQ,2017,44.65128025648914,0.0
PFBC.OQ,2018,34.87214987500532,9.829162100365043e-267
PFBC.OQ,2019,29.965188958715835,1.3950122138200083e-197
PFBC.OQ,2020,14.175717002274572,6.475676965522152e-46
PFBC.OQ,2021,33.47356015688233,1.6143690307504655e-240
PFBC.OQ,2022,34.819642497571124,6.1345676037416125e-266
PFBC.OQ,2023,21.5569805641701,2.276821475349222e-103
PFIS.OQ,2018,42.81967073301074,0.0
PFIS.OQ,2019,42.65757957528211,0.0
PFIS.OQ,2020,32.34245399787377,4.291959932286822e-215
PFIS.OQ,2021,42.60103151004112,0.0
PFIS.OQ,2022,30.26279425468229,1.7705657518558448e-201
PFIS.OQ,2023,32.11271611112571,6.764593667191299e-221
PFS.N,2016,39.02629575187291,0.0
PFS.N,2017,40.77943309267333,0.0
PFS.N,2018,53.15204058116586,0.0
PFS.N,2019,43.210404459994905,0.0
PFS.N,2020,16.203699176941704,2.374141338915015e-59
PFS.N,2021,41.34190055751707,0.0
PFS.N,2022,29.773086589031944,5.808130174271811e-175
PGC.OQ,2017,50.04097294663869,0.0
PGC.OQ,2018,32.333495926983005,3.597305191319141e-226
PGC.OQ,2019,38.293087877077255,0.0
PGC.OQ,2020,13.36367291044736,4.92887228688224e-41
PGC.OQ,2021,42.22062214141842,0.0
PGC.OQ,2022,22.76681539475381,4.8899470652266105e-115
PGC.OQ,2023,21.00809878794729,2.7652528742452328e-98
PKBK.OQ,2018,37.62542194825387,4.1283046662885e-310
PKBK.OQ,2019,30.449854402098005,6.016147111974534e-204
PKBK.OQ,2020,17.154018457529553,2.932632762706384e-66
PKBK.OQ,2021,40.0197436444835,0.0
PKBK.OQ,2022,31.610292596058358,1.3443109504544076e-210
PKBK.OQ,2023,26.641263717895,1.1297591232954519e-156
PLBC.OQ,2019,32.19857302920433,1.1575033046585782e-224
PLBC.OQ,2020,24.53829115039607,4.4958039428214613e-122
PLBC.OQ,2021,31.257560932794096,8.811137367258877e-215
PLBC.OQ,2022,29.35992575706863,5.5647323135173745e-186
PLBC.OQ,2023,21.147993988354752,1.439638684538648e-99
PNC.N,2016,23.47869733416573,3.2528874351546692e-115
PNC.N,2017,42.69798384746821,0.0
PNC.N,2018,27.1912494284655,4.121287869792383e-163
PNC.N,2019,26.3377514388662,3.5450969476705013e-153
PNC.N,2020,14.62661830387972,9.499941396099816e-49
PNC.N,2021,29.749457049815586,2.782980033605027e-191
PNC.N,2022,25.69383647892562,6.849038952225591e-146
PNFP.OQ,2016,31.000504209994784,2.6534060765038354e-211
PNFP.OQ,2017,49.049725655192006,0.0
PNFP.OQ,2018,23.56955982914912,3.955885704047131e-123
PNFP.OQ,2019,25.00399258260917,2.7658641171268426e-138
PNFP.OQ,2020,15.081982843116414,1.2343306047349237e-46
PNFP.OQ,2021,38.67325157865382,6.055847031885512e-306
PNFP.OQ,2022,25.130990957132312,1.8612416301792146e-137
PPBI.OQ,2017,46.17965725412254,0.0
PPBI.OQ,2018,25.521178604634382,5.737353620362184e-144
PPBI.OQ,2019,33.67220979648718,3.729207707901017e-240
PPBI.OQ,2020,18.67307936767217,4.0993222463545007e-78
PPBI.OQ,2021,29.86156436524105,3.1066222196668775e-196
PPBI.OQ,2022,22.97909154929996,3.7724455377755864e-117
PRK.A,2016,34.909598938766884,5.12430431288903e-232
PRK.A,2017,33.387305065953946,1.0477903774982536e-244
PRK.A,2018,30.588536774669475,7.700885824039079e-195
PRK.A,2019,40.93447065730364,0.0
PRK.A,2020,22.058946185609283,3.593909686456815e-98
PRK.A,2021,39.36841049834637,0.0
PRK.A,2022,30.09474646719757,2.838173736823982e-199
PRK.A,2023,23.18168196896415,2.4846454210275442e-116
PVBC.OQ,2021,46.719867648705275,0.0
PVBC.OQ,2022,15.041145269757191,3.120238224095862e-51
PWOD.OQ,2018,37.61639476709502,5.7991838879228e-310
PWOD.OQ,2019,23.722172524318736,1.0647063272975827e-124
PWOD.OQ,2020,20.07524808643501,6.073732137820793e-90
PWOD.OQ,2021,25.440542661881214,4.49174418594026e-143
PWOD.OQ,2022,51.69384460200606,0.0
PWOD.OQ,2023,20.89821899417834,2.77901411345662e-97
QCRH.OQ,2017,44.21724976052501,0.0
QCRH.OQ,2018,30.478215626338205,1.1706459306031682e-183
QCRH.OQ,2019,39.97116293699334,0.0
QCRH.OQ,2020,20.10187699624347,7.693724038160441e-90
QCRH.OQ,2021,52.99432044369761,0.0
QCRH.OQ,2022,34.706833525950415,3.1068652489623706e-264
RBCAA.OQ,2017,28.174769287642285,1.4855350206630508e-163
RBCAA.OQ,2018,32.50426427615548,4.640812307536436e-232
RBCAA.OQ,2019,33.1167932784536,4.7400291678871555e-228
RBCAA.OQ,2020,21.530173837565705,1.5247485880088452e-102
RBCAA.OQ,2021,43.57861013542711,0.0
RBCAA.OQ,2022,29.07120419591405,4.151643012697085e-186
RBCAA.OQ,2023,33.836000027290005,2.9155952487910547e-251
RF.N,2016,22.138961970368705,4.083445680701279e-108
RF.N,2017,54.073563588222996,0.0
RF.N,2018,29.607920466324227,5.908120953172938e-193
RF.N,2019,28.88049617546364,1.0494245547510827e-183
RF.N,2020,18.0763922004691,7.771063733291431e-68
RF.N,2021,32.97007162940903,1.5712374628526517e-236
RF.N,2022,32.75438196128725,1.3149817653880686e-235
SBCF.OQ,2017,58.83751351063572,0.0
SBCF.OQ,2018,30.720621526700313,2.735073670357281e-192
SBCF.OQ,2019,26.395671791980444,7.681316135138935e-154
SBCF.OQ,2020,20.65831182141491,4.109388619385415e-95
SBCF.OQ,2021,35.72502968965985,8.079910430164477e-280
SBCF.OQ,2022,36.68387615947002,6.758228368699513e-278
SBFG.OQ,2018,45.50165892261667,0.0
SBFG.OQ,2019,46.05932980204469,0.0
SBFG.OQ,2020,13.224788984704675,3.1557056117236394e-40
SBFG.OQ,2021,52.506303615697576,0.0
SBFG.OQ,2022,65.94154683719792,0.0
SBFG.OQ,2023,25.878012021670138,5.888614531669816e-148
SBNY.PK,2016,20.34218222727855,1.0767172985434399e-89
SBNY.PK,2017,39.4402661320038,0.0
SBNY.PK,2018,19.513334342724058,4.22905476983344e-85
SBNY.PK,2019,20.551782190717024,3.7195972453139907e-94
SBNY.PK,2020,10.769596267504848,2.395487158168667e-27
SBSI.N,2017,31.88684383092365,2.0318726402868885e-223
SBSI.N,2018,41.40619467825714,0.0
SBSI.N,2019,43.266846939600754,0.0
SBSI.N,2020,31.75812640733318,1.6611336602577383e-207
SBSI.N,2021,35.89720627525782,1.6886248569020961e-282
SBSI.N,2022,49.35689474506101,0.0
SBSI.N,2023,18.56866392271349,2.8809460442529166e-77
SFNC.OQ,2016,31.895493287161763,5.718476882572141e-203
SFNC.OQ,2017,47.79963839073088,0.0
SFNC.OQ,2018,28.897718891665868,6.376908489722465e-184
SFNC.OQ,2019,32.457051185509115,2.5338785888321315e-231
SFNC.OQ,2020,26.28952501571781,1.263417769783074e-152
SFNC.OQ,2021,30.310675291601854,6.94106033150598e-169
SFNC.OQ,2022,30.04706424470908,1.1924445857114377e-198
SFNC.OQ,2023,19.843217112335356,6.306185580378996e-88
SFST.OQ,2018,37.08591266459659,2.3696740810183306e-301
SFST.OQ,2019,33.995909192870776,6.039728990672627e-252
SFST.OQ,2020,22.01476608296229,1.0397053454141208e-107
SFST.OQ,2021,54.014922206466665,0.0
SFST.OQ,2022,34.7807932792704,2.373653378241537e-265
SFST.OQ,2023,15.029318090748458,2.359189386077848e-51
SHBI.OQ,2018,43.17912697989964,0.0
SHBI.OQ,2019,70.78248042395992,0.0
SHBI.OQ,2020,21.065231666944012,2.8261611520887457e-93
SHBI.OQ,2021,44.48524148737192,0.0
SHBI.OQ,2022,36.26961735841874,1.0131371882904544e-284
SHBI.OQ,2023,25.57762412287534,1.3534356811962816e-144
SNV.N,2016,28.06441114992986,5.244971015200082e-169
SNV.N,2017,48.76551724119592,0.0
SNV.N,2018,24.994094285351906,4.5768422908975504e-120
SNV.N,2019,23.821936105472087,2.867177354149846e-125
SNV.N,2020,13.460827067601468,2.0581486078564215e-38
SNV.N,2021,33.68067780187724,5.545113631782924e-249
SNV.N,2022,22.65277726004728,7.439702026799135e-114
SNV.N,2023,17.49235289932998,8.192525527337604e-69
SRCE.OQ,2017,51.43961328261478,0.0
SRCE.OQ,2018,29.463021491521136,4.2875345599616304e-191
SRCE.OQ,2019,39.07141760460244,0.0
SRCE.OQ,2020,22.85129744543217,1.2262556211777773e-114
SRCE.OQ,2021,43.28493792204199,0.0
SRCE.OQ,2022,29.719788277937774,2.2829923628903303e-187
STBA.OQ,2017,39.64276537177422,0.0
STBA.OQ,2018,38.07239483088421,0.0
STBA.OQ,2019,40.45031627292268,0.0
STBA.OQ,2020,24.936285833044142,9.963569632328184e-137
STBA.OQ,2021,38.84614578360183,0.0
STBA.OQ,2022,26.370401659702907,1.05627745959259e-134
STBA.OQ,2023,22.94671344022307,3.207850302423144e-113
SYBT.OQ,2017,38.82975442169655,0.0
SYBT.OQ,2018,49.62368520402059,0.0
SYBT.OQ,2019,56.80619557113146,0.0
SYBT.OQ,2020,23.59562226099813,2.1371723703558918e-123
SYBT.OQ,2021,46.078411183539686,0.0
SYBT.OQ,2022,30.30539763272048,4.866016789893811e-202
TBBK.OQ,2017,20.878180671010835,1.7775271253848773e-89
TBBK.OQ,2018,35.66825441910036,6.141507368787458e-279
TBBK.OQ,2019,30.02979503195956,2.0043486446827264e-198
TBBK.OQ,2020,12.062844206257505,2.797399980174565e-33
TBBK.OQ,2021,28.363790824278684,2.829090954390197e-177
TBBK.OQ,2023,27.521339777547546,4.876475819950212e-167
TCBI.OQ,2016,14.037285591476548,4.6088025677029425e-45
TCBI.OQ,2017,27.70701539351747,2.8737193077951335e-169
TCBI.OQ,2018,21.484152411180432,2.657342552111152e-97
TCBI.OQ,2019,20.1566772338691,1.175765410955193e-90
TCBI.OQ,2020,7.643037152224389,3.277254463077303e-14
TCBI.OQ,2021,18.620785683160832,2.985094244857157e-58
TCBI.OQ,2022,25.474163031627,1.906061098767572e-143
TCBI.OQ,2023,16.267466889595912,1.6414798822127493e-59
TCBK.OQ,2017,41.364768587807596,0.0
TCBK.OQ,2018,50.27382522274387,0.0
TCBK.OQ,2019,53.877366578995776,0.0
TCBK.OQ,2020,29.367966289329004,7.045904618775154e-190
TCBK.OQ,2021,36.25280723749445,1.4207476295946045e-274
TCBK.OQ,2022,22.56769579345278,4.500807559466297e-113
TFC.N,2016,32.67389533505134,1.8760390581049902e-234
TFC.N,2017,48.21989648620755,0.0
TFC.N,2018,29.247076706941883,7.465577884400805e-185
TFC.N,2020,14.40212643428197,1.7632145521937637e-41
TFC.N,2021,28.755323499440976,2.4244342088511676e-172
TFC.N,2022,26.870463181930887,2.43217896772856e-159
TFC.N,2023,17.7266857531415,5.129821822614727e-70
TFIN.OQ,2017,28.90085048536629,4.939507435590542e-183
TFIN.OQ,2018,20.2978670789183,1.5506889309710967e-91
TFIN.OQ,2019,29.41917994325998,1.5610457189200144e-190
TFIN.OQ,2020,16.68655160014908,8.378867479065021e-63
TFIN.OQ,2021,21.796176965409536,1.2611229030392064e-105
TFIN.OQ,2022,17.155787094634313,5.765300489736164e-66
TFIN.OQ,2023,25.378485748043172,2.179132347051268e-142
THFF.OQ,2017,46.49947825459808,0.0
THFF.OQ,2018,33.03921743356937,1.1110939958207307e-239
THFF.OQ,2019,43.609355970335,0.0
THFF.OQ,2020,29.018212752362007,3.745115857526494e-184
THFF.OQ,2021,47.13246065744845,0.0
THFF.OQ,2022,61.263552824239085,0.0
THFF.OQ,2023,27.38597012062591,2.0148853810633522e-165
TMP.A,2017,25.9109927862652,2.5036016870866996e-148
TMP.A,2018,24.695910729786178,5.943548669285279e-135
TMP.A,2019,43.62388520366436,0.0
TMP.A,2020,27.429716486384745,7.728437437541384e-137
TMP.A,2021,37.47323068461801,1.2571388072847965e-307
TOWN.OQ,2016,26.18041418471809,2.2208761889507784e-151
TOWN.OQ,2017,39.037900564406144,0.0
TOWN.OQ,2018,30.01668789214261,2.972114252904589e-198
TOWN.OQ,2019,42.38098681922796,0.0
TOWN.OQ,2020,21.92622301470567,7.303005073323165e-107
TOWN.OQ,2021,35.421843274888325,7.962387602821238e-263
TRMK.OQ,2016,33.4469467953653,1.8061962653654362e-244
TRMK.OQ,2017,36.431371126037796,5.323973337127386e-282
TRMK.OQ,2018,44.40944158158261,0.0
TRMK.OQ,2019,34.693879364930645,4.871982612745236e-264
TRMK.OQ,2020,24.909980326314873,1.8168761296624186e-131
TRMK.OQ,2021,43.629836242083854,0.0
TRMK.OQ,2022,24.474188875893287,1.467462382544371e-86
TRST.OQ,2017,40.075349624263154,0.0
TRST.OQ,2018,35.1644306843243,5.195890214839988e-263
TRST.OQ,2019,38.66134247515323,0.0
TRST.OQ,2020,21.49159313259809,6.154302370973407e-96
TRST.OQ,2021,37.91918866026355,0.0
TRST.OQ,2022,36.970770234629526,1.1130734951952492e-293
TRST.OQ,2023,32.297999868456465,3.7310450471797775e-229
UBFO.OQ,2018,70.13364270161048,0.0
UBFO.OQ,2019,64.1395694521513,0.0
UBFO.OQ,2020,28.52603212422218,2.7856925367968286e-179
UBSI.OQ,2016,31.14700999577569,2.7838198811833343e-213
UBSI.OQ,2017,39.20742387534305,0.0
UBSI.OQ,2018,33.49903589564244,2.489011325489634e-246
UBSI.OQ,2019,35.85480790652822,1.371608456607434e-275
UBSI.OQ,2020,17.568983890030353,3.3553421211366296e-65
UBSI.OQ,2021,35.68666614551848,2.4590539822719338e-250
UBSI.OQ,2022,31.346713421120462,5.392967873649239e-216
UBSI.OQ,2023,23.81514588916619,6.74383312292964e-106
UCB.N,2016,30.318720666552164,2.949772094352315e-196
UCB.N,2017,51.27541999985446,0.0
UCB.N,2018,31.35227810143624,2.0246955268722346e-207
UCB.N,2019,36.53904463199905,9.18176716858993e-292
UCB.N,2020,20.539460852540977,1.36678961714441e-93
UCB.N,2021,43.7915279537844,0.0
UCB.N,2022,27.54538971718598,2.5127451394310265e-167
UCB.N,2023,25.88109793677089,5.435979628018667e-148
UMBF.OQ,2016,31.914219244583137,6.560049743224948e-222
UMBF.OQ,2017,40.06876576472625,0.0
UMBF.OQ,2018,37.71774400788316,0.0
UMBF.OQ,2019,30.891349476161924,7.804288495087939e-210
UMBF.OQ,2020,18.813252879618037,2.9407793442530845e-79
UMBF.OQ,2021,33.90962886549733,2.402411935658304e-252
UMBF.OQ,2022,40.38313636556071,0.0
UMBF.OQ,2023,11.552193563337832,1.975990485141539e-30
UNB.OQ,2018,51.47200774811591,0.0
UNB.OQ,2019,22.71897867557174,1.4544637544359967e-114
UNB.OQ,2020,21.0649332781433,8.343041860943371e-99
UNB.OQ,2021,41.66237466131351,0.0
UNB.OQ,2022,37.19831390971729,1.2700798174376868e-247
UNB.OQ,2023,29.0354210522734,1.175585903729472e-185
UNTY.OQ,2018,42.66867126052453,0.0
UNTY.OQ,2019,24.90006889858094,6.35611872811936e-136
USB.N,2016,40.542904888231064,0.0
USB.N,2017,57.96450771528515,0.0
USB.N,2018,31.288727123208798,3.3213031370787767e-215
USB.N,2019,31.303926239285197,2.769258797112814e-214
USB.N,2020,19.161428545183394,1.3666953541336508e-79
USB.N,2021,28.00223093676197,1.7700148115550952e-171
USB.N,2022,27.00614057895461,6.258973754949032e-161
USB.N,2023,16.07096519779472,2.038443198999282e-58
UVSP.OQ,2017,31.25414630105784,2.6761651438044175e-212
UVSP.OQ,2018,35.42906028869662,3.0479769668303546e-275
UVSP.OQ,2019,35.05996738614288,1.3742705562970669e-269
UVSP.OQ,2020,19.024467974526555,5.348376575812855e-81
UVSP.OQ,2021,38.97536303262444,0.0
UVSP.OQ,2022,28.864785031041492,4.575930342365182e-137
VBTX.OQ,2017,85.03659570809756,0.0
VBTX.OQ,2018,35.56038518469435,2.8708653449699254e-277
VLY.OQ,2016,40.80981416367858,0.0
VLY.OQ,2017,54.73079247488721,0.0
VLY.OQ,2018,29.140866975517888,5.452608489599306e-187
VLY.OQ,2019,38.45467621209223,0.0
VLY.OQ,2020,23.552769424055143,5.87976094836055e-123
VLY.OQ,2021,37.12869687567669,4.838377525502475e-302
VLY.OQ,2022,30.167339856795344,9.461222721911244e-199
VLY.OQ,2023,17.241753384084554,3.6615835959113595e-59
WABC.OQ,2016,34.54104223762721,1.2264700910976662e-241
WABC.OQ,2017,42.4491282350007,0.0
WABC.OQ,2018,50.24785814537498,0.0
WABC.OQ,2019,58.81337677159679,0.0
WABC.OQ,2020,43.2946432204678,0.0
WABC.OQ,2021,55.38494171547657,0.0
WABC.OQ,2022,36.39905320598869,6.896879536007356e-290
WAL.N,2017,50.53541369444864,0.0
WAL.N,2018,31.808919413261407,2.436450717603941e-222
WAL.N,2019,28.102474419459888,4.568630681650094e-174
WAL.N,2020,15.750283148831432,3.418724195507051e-56
WAL.N,2021,23.750925973051867,5.373983059015757e-125
WAL.N,2022,19.841170085151408,6.568274385486056e-88
WASH.OQ,2017,34.929214733179776,3.935985821738502e-256
WASH.OQ,2018,30.893893479803133,7.213831825315911e-210
WASH.OQ,2019,32.11892551297973,5.550928902202336e-216
WASH.OQ,2020,20.52931965072695,2.373110580927824e-77
WASH.OQ,2021,46.280142243597695,0.0
WASH.OQ,2022,27.12794165126892,2.305549198961788e-162
WASH.OQ,2023,15.792052839124011,4.600034000004613e-55
WBS.N,2016,24.84192467018945,1.5807142517250996e-136
WBS.N,2017,35.00263492471409,1.4681067372674274e-268
WBS.N,2018,26.33175396809076,4.152599421354672e-153
WBS.N,2019,23.077699492897665,2.8714821380024577e-116
WBS.N,2020,13.260723536811495,1.955520067652119e-40
WBS.N,2021,32.17793333889894,1.7966722541572306e-227
WBS.N,2022,19.25798308349607,6.780326928458481e-69
WBS.N,2023,17.317915684570295,1.466570467172585e-66
WFC.N,2016,22.250335343931468,1.6730653212423494e-107
WFC.N,2017,32.7387691805156,2.193643357759329e-235
WFC.N,2018,20.40359524365059,7.768108828716004e-93
WFC.N,2019,34.599282065403344,1.236940592261718e-227
WFC.N,2020,14.187637803479882,5.463905223303421e-46
WFC.N,2021,26.922926320623688,1.8731409148307407e-143
WFC.N,2022,20.96734681221294,6.516622659547758e-98
WNEB.OQ,2018,49.66050046048361,0.0
WNEB.OQ,2019,46.294387086032486,0.0
WNEB.OQ,2020,23.62648871469564,1.4851952899609483e-110
WNEB.OQ,2021,35.128871705622075,4.621630053510825e-270
WNEB.OQ,2022,35.3913371862063,1.1603702894403223e-274
WSBC.OQ,2016,36.02867542797031,3.803051614002106e-280
WSBC.OQ,2017,49.44605475848719,0.0
WSBC.OQ,2018,27.370545624939176,2.66801345089723e-159
WSBC.OQ,2019,31.13628769238934,3.8887114286116636e-213
WSBC.OQ,2020,21.61371521290851,6.67327749555383e-104
WSBC.OQ,2021,34.94257976003014,6.57492861948824e-259
WSBC.OQ,2022,27.034294733561165,2.9219339772634205e-161
WSBC.OQ,2023,22.837044229951672,9.829080423665789e-116
WSBF.OQ,2021,70.06176335944973,0.0
WSBF.OQ,2022,31.381247121858998,3.749175168658968e-206
WSFS.OQ,2016,26.065551730267913,2.4288944067652665e-147
WSFS.OQ,2017,50.50034306615354,0.0
WSFS.OQ,2018,32.66645274102184,5.283040895674415e-234
WSFS.OQ,2019,35.68768492063341,3.0687969504130238e-279
WSFS.OQ,2020,19.092281301349907,1.595630745292368e-81
WSFS.OQ,2021,28.034088666471455,3.1221730981395354e-173
WSFS.OQ,2022,27.885802131134273,3.2561888222165205e-170
WSFS.OQ,2023,19.65902336805258,2.833783585014147e-83
WTBA.OQ,2017,40.781275459716525,0.0
WTBA.OQ,2018,52.470995789805315,0.0
WTBA.OQ,2019,40.6591201776464,0.0
WTBA.OQ,2020,22.49992302242623,2.0789154208632655e-112
WTBA.OQ,2021,59.86016167760814,0.0
WTBA.OQ,2022,29.66484844301672,1.0911933361532047e-193
WTBA.OQ,2023,21.302178336918217,5.418147063240141e-101
WTFC.OQ,2016,26.313837301193825,1.145984780860277e-149
WTFC.OQ,2017,45.067007620154456,0.0
WTFC.OQ,2018,32.736174297749606,2.3883262637869006e-235
WTFC.OQ,2019,27.632020141925437,2.2951720997953907e-168
WTFC.OQ,2020,11.663309968184354,9.813078081834552e-32
WTFC.OQ,2021,28.269756242633584,1.1859096328761873e-173
WTFC.OQ,2022,29.424946009822275,1.317203367864897e-190
WTFC.OQ,2023,18.907919341064044,8.708180849259548e-75
ZION.OQ,2019,25.16504862623234,3.1513686523943934e-138
ZION.OQ,2020,15.186350996327402,1.3358094024977805e-51
ZION.OQ,2021,32.438758857242576,1.250507753812524e-212
ZION.OQ,2022,24.182258397140703,1.3805910083209692e-114
