Bank,Year,Date,Outstanding_Shares
ABCB,2016,12/31/16,68910896
ABCB,2017,12/31/17,68910896
ABCB,2018,12/31/18,68910896
ABCB,2019,12/31/19,68910896
ABCB,2020,12/31/20,68910896
ACNB,2016,12/31/16,10473700
ACNB,2017,12/31/17,10473700
ACNB,2018,12/31/18,10473700
ACNB,2019,12/31/19,10473700
ACNB,2020,12/31/20,10473700
AROW,2016,12/31/16,16478800
AROW,2017,12/31/17,16478800
AROW,2018,12/31/18,16478800
AROW,2019,12/31/19,16478800
AROW,2020,12/31/20,16478800
ASB,2016,12/31/16,165810000
ASB,2017,12/31/17,165810000
ASB,2018,12/31/18,165810000
ASB,2019,12/31/19,165810000
ASB,2020,12/31/20,165810000
ATLO,2016,12/31/16,8915560
ATLO,2017,12/31/17,8915560
ATLO,2018,12/31/18,8915560
ATLO,2019,12/31/19,8915560
ATLO,2020,12/31/20,8915560
AUBN,2016,12/31/16,3493700
AUBN,2017,12/31/17,3493700
AUBN,2018,12/31/18,3493700
AUBN,2019,12/31/19,3493700
AUBN,2020,12/31/20,3493700
BAC,2016,12/31/16,7531879936
BAC,2017,12/31/17,7531879936
BAC,2018,12/31/18,7531879936
BAC,2019,12/31/19,7531879936
BAC,2020,12/31/20,7531879936
BANC,2016,12/31/16,147140000
BANC,2017,12/31/17,147140000
BANC,2018,12/31/18,147140000
BANC,2019,12/31/19,147140000
BANC,2020,12/31/20,147140000
BANF,2016,12/31/16,33242800
BANF,2017,12/31/17,33242800
BANF,2018,12/31/18,33242800
BANF,2019,12/31/19,33242800
BANF,2020,12/31/20,33242800
BANR,2016,12/31/16,34580000
BANR,2017,12/31/17,34580000
BANR,2018,12/31/18,34580000
BANR,2019,12/31/19,34580000
BANR,2020,12/31/20,34580000
BCBP,2016,12/31/16,17162600
BCBP,2017,12/31/17,17162600
BCBP,2018,12/31/18,17162600
BCBP,2019,12/31/19,17162600
BCBP,2020,12/31/20,17162600
BFIN,2016,12/31/16,12460700
BFIN,2017,12/31/17,12460700
BFIN,2018,12/31/18,12460700
BFIN,2019,12/31/19,12460700
BFIN,2020,12/31/20,12460700
BHB,2016,12/31/16,15321800
BHB,2017,12/31/17,15321800
BHB,2018,12/31/18,15321800
BHB,2019,12/31/19,15321800
BHB,2020,12/31/20,15321800
BHLB,2016,12/31/16,46312000
BHLB,2017,12/31/17,46312000
BHLB,2018,12/31/18,46312000
BHLB,2019,12/31/19,46312000
BHLB,2020,12/31/20,46312000
BKU,2016,12/31/16,75211904
BKU,2017,12/31/17,75211904
BKU,2018,12/31/18,75211904
BKU,2019,12/31/19,75211904
BKU,2020,12/31/20,75211904
BMRC,2016,12/31/16,16216100
BMRC,2017,12/31/17,16216100
BMRC,2018,12/31/18,16216100
BMRC,2019,12/31/19,16216100
BMRC,2020,12/31/20,16216100
BOH,2016,12/31/16,39734800
BOH,2017,12/31/17,39734800
BOH,2018,12/31/18,39734800
BOH,2019,12/31/19,39734800
BOH,2020,12/31/20,39734800
BOKF,2016,12/31/16,64261800
BOKF,2017,12/31/17,64261800
BOKF,2018,12/31/18,64261800
BOKF,2019,12/31/19,64261800
BOKF,2020,12/31/20,64261800
BRKL,2016,12/31/16,89104600
BRKL,2017,12/31/17,89104600
BRKL,2018,12/31/18,89104600
BRKL,2019,12/31/19,89104600
BRKL,2020,12/31/20,89104600
BSRR,2016,12/31/16,13818800
BSRR,2017,12/31/17,13818800
BSRR,2018,12/31/18,13818800
BSRR,2019,12/31/19,13818800
BSRR,2020,12/31/20,13818800
BUSE,2016,12/31/16,89490496
BUSE,2017,12/31/17,89490496
BUSE,2018,12/31/18,89490496
BUSE,2019,12/31/19,89490496
BUSE,2020,12/31/20,89490496
BWFG,2016,12/31/16,7873390
BWFG,2017,12/31/17,7873390
BWFG,2018,12/31/18,7873390
BWFG,2019,12/31/19,7873390
BWFG,2020,12/31/20,7873390
CAC,2016,12/31/16,16902200
CAC,2017,12/31/17,16902200
CAC,2018,12/31/18,16902200
CAC,2019,12/31/19,16902200
CAC,2020,12/31/20,16902200
CADE,2016,12/31/16,183524992
CADE,2017,12/31/17,183524992
CADE,2018,12/31/18,183524992
CADE,2019,12/31/19,183524992
CADE,2020,12/31/20,183524992
CATY,2016,12/31/16,70133296
CATY,2017,12/31/17,70133296
CATY,2018,12/31/18,70133296
CATY,2019,12/31/19,70133296
CATY,2020,12/31/20,70133296
CBAN,2016,12/31/16,17443400
CBAN,2017,12/31/17,17443400
CBAN,2018,12/31/18,17443400
CBAN,2019,12/31/19,17443400
CBAN,2020,12/31/20,17443400
CBFV,2016,12/31/16,4947180
CBFV,2017,12/31/17,4947180
CBFV,2018,12/31/18,4947180
CBFV,2019,12/31/19,4947180
CBFV,2020,12/31/20,4947180
CBSH,2016,12/31/16,133420000
CBSH,2017,12/31/17,133420000
CBSH,2018,12/31/18,133420000
CBSH,2019,12/31/19,133420000
CBSH,2020,12/31/20,133420000
CBU,2016,12/31/16,52851500
CBU,2017,12/31/17,52851500
CBU,2018,12/31/18,52851500
CBU,2019,12/31/19,52851500
CBU,2020,12/31/20,52851500
CCBG,2016,12/31/16,17054900
CCBG,2017,12/31/17,17054900
CCBG,2018,12/31/18,17054900
CCBG,2019,12/31/19,17054900
CCBG,2020,12/31/20,17054900
CCNE,2016,12/31/16,20979300
CCNE,2017,12/31/17,20979300
CCNE,2018,12/31/18,20979300
CCNE,2019,12/31/19,20979300
CCNE,2020,12/31/20,20979300
CFFI,2016,12/31/16,3239140
CFFI,2017,12/31/17,3239140
CFFI,2018,12/31/18,3239140
CFFI,2019,12/31/19,3239140
CFFI,2020,12/31/20,3239140
CFG,2016,12/31/16,433648992
CFG,2017,12/31/17,433648992
CFG,2018,12/31/18,433648992
CFG,2019,12/31/19,433648992
CFG,2020,12/31/20,433648992
CFR,2016,12/31/16,64287900
CFR,2017,12/31/17,64287900
CFR,2018,12/31/18,64287900
CFR,2019,12/31/19,64287900
CFR,2020,12/31/20,64287900
CHCO,2016,12/31/16,14482500
CHCO,2017,12/31/17,14482500
CHCO,2018,12/31/18,14482500
CHCO,2019,12/31/19,14482500
CHCO,2020,12/31/20,14482500
CHMG,2016,12/31/16,4790850
CHMG,2017,12/31/17,4790850
CHMG,2018,12/31/18,4790850
CHMG,2019,12/31/19,4790850
CHMG,2020,12/31/20,4790850
CIVB,2016,12/31/16,15519100
CIVB,2017,12/31/17,15519100
CIVB,2018,12/31/18,15519100
CIVB,2019,12/31/19,15519100
CIVB,2020,12/31/20,15519100
CMA,2016,12/31/16,131413000
CMA,2017,12/31/17,131413000
CMA,2018,12/31/18,131413000
CMA,2019,12/31/19,131413000
CMA,2020,12/31/20,131413000
CNOB,2016,12/31/16,50206600
CNOB,2017,12/31/17,50206600
CNOB,2018,12/31/18,50206600
CNOB,2019,12/31/19,50206600
CNOB,2020,12/31/20,50206600
COLB,2016,12/31/16,210207008
COLB,2017,12/31/17,210207008
COLB,2018,12/31/18,210207008
COLB,2019,12/31/19,210207008
COLB,2020,12/31/20,210207008
CPF,2016,12/31/16,26975900
CPF,2017,12/31/17,26975900
CPF,2018,12/31/18,26975900
CPF,2019,12/31/19,26975900
CPF,2020,12/31/20,26975900
CTBI,2016,12/31/16,18110900
CTBI,2017,12/31/17,18110900
CTBI,2018,12/31/18,18110900
CTBI,2019,12/31/19,18110900
CTBI,2020,12/31/20,18110900
CUBI,2016,12/31/16,31587800
CUBI,2017,12/31/17,31587800
CUBI,2018,12/31/18,31587800
CUBI,2019,12/31/19,31587800
CUBI,2020,12/31/20,31587800
CVBF,2016,12/31/16,137804992
CVBF,2017,12/31/17,137804992
CVBF,2018,12/31/18,137804992
CVBF,2019,12/31/19,137804992
CVBF,2020,12/31/20,137804992
CZNC,2016,12/31/16,15494600
CZNC,2017,12/31/17,15494600
CZNC,2018,12/31/18,15494600
CZNC,2019,12/31/19,15494600
CZNC,2020,12/31/20,15494600
DCOM,2016,12/31/16,43818600
DCOM,2017,12/31/17,43818600
DCOM,2018,12/31/18,43818600
DCOM,2019,12/31/19,43818600
DCOM,2020,12/31/20,43818600
DFS,2016,12/31/16,251652992
DFS,2017,12/31/17,251652992
DFS,2018,12/31/18,251652992
DFS,2019,12/31/19,251652992
DFS,2020,12/31/20,251652992
EBMT,2016,12/31/16,7952180
EBMT,2017,12/31/17,7952180
EBMT,2018,12/31/18,7952180
EBMT,2019,12/31/19,7952180
EBMT,2020,12/31/20,7952180
EBTC,2016,12/31/16,12508400
EBTC,2017,12/31/17,12508400
EBTC,2018,12/31/18,12508400
EBTC,2019,12/31/19,12508400
EBTC,2020,12/31/20,12508400
EFSC,2016,12/31/16,36932700
EFSC,2017,12/31/17,36932700
EFSC,2018,12/31/18,36932700
EFSC,2019,12/31/19,36932700
EFSC,2020,12/31/20,36932700
EGBN,2016,12/31/16,30377400
EGBN,2017,12/31/17,30377400
EGBN,2018,12/31/18,30377400
EGBN,2019,12/31/19,30377400
EGBN,2020,12/31/20,30377400
EVBN,2016,12/31/16,5567380
EVBN,2017,12/31/17,5567380
EVBN,2018,12/31/18,5567380
EVBN,2019,12/31/19,5567380
EVBN,2020,12/31/20,5567380
EWBC,2016,12/31/16,137824992
EWBC,2017,12/31/17,137824992
EWBC,2018,12/31/18,137824992
EWBC,2019,12/31/19,137824992
EWBC,2020,12/31/20,137824992
FBIZ,2016,12/31/16,8318840
FBIZ,2017,12/31/17,8318840
FBIZ,2018,12/31/18,8318840
FBIZ,2019,12/31/19,8318840
FBIZ,2020,12/31/20,8318840
FBNC,2016,12/31/16,41420200
FBNC,2017,12/31/17,41420200
FBNC,2018,12/31/18,41420200
FBNC,2019,12/31/19,41420200
FBNC,2020,12/31/20,41420200
FCAP,2016,12/31/16,3355350
FCAP,2017,12/31/17,3355350
FCAP,2018,12/31/18,3355350
FCAP,2019,12/31/19,3355350
FCAP,2020,12/31/20,3355350
FCBC,2016,12/31/16,18279100
FCBC,2017,12/31/17,18279100
FCBC,2018,12/31/18,18279100
FCBC,2019,12/31/19,18279100
FCBC,2020,12/31/20,18279100
FCCO,2016,12/31/16,7681600
FCCO,2017,12/31/17,7681600
FCCO,2018,12/31/18,7681600
FCCO,2019,12/31/19,7681600
FCCO,2020,12/31/20,7681600
FCF,2016,12/31/16,104939000
FCF,2017,12/31/17,104939000
FCF,2018,12/31/18,104939000
FCF,2019,12/31/19,104939000
FCF,2020,12/31/20,104939000
FCNCA,2016,12/31/16,12283700
FCNCA,2017,12/31/17,12283700
FCNCA,2018,12/31/18,12283700
FCNCA,2019,12/31/19,12283700
FCNCA,2020,12/31/20,12283700
FFBC,2016,12/31/16,95736200
FFBC,2017,12/31/17,95736200
FFBC,2018,12/31/18,95736200
FFBC,2019,12/31/19,95736200
FFBC,2020,12/31/20,95736200
FFIC,2016,12/31/16,33777000
FFIC,2017,12/31/17,33777000
FFIC,2018,12/31/18,33777000
FFIC,2019,12/31/19,33777000
FFIC,2020,12/31/20,33777000
FFIN,2016,12/31/16,143050000
FFIN,2017,12/31/17,143050000
FFIN,2018,12/31/18,143050000
FFIN,2019,12/31/19,143050000
FFIN,2020,12/31/20,143050000
FGBI,2016,12/31/16,12888400
FGBI,2017,12/31/17,12888400
FGBI,2018,12/31/18,12888400
FGBI,2019,12/31/19,12888400
FGBI,2020,12/31/20,12888400
FHN,2016,12/31/16,507232992
FHN,2017,12/31/17,507232992
FHN,2018,12/31/18,507232992
FHN,2019,12/31/19,507232992
FHN,2020,12/31/20,507232992
FISI,2016,12/31/16,20109700
FISI,2017,12/31/17,20109700
FISI,2018,12/31/18,20109700
FISI,2019,12/31/19,20109700
FISI,2020,12/31/20,20109700
FITB,2016,12/31/16,667491968
FITB,2017,12/31/17,667491968
FITB,2018,12/31/18,667491968
FITB,2019,12/31/19,667491968
FITB,2020,12/31/20,667491968
FLG,2016,12/31/16,415080000
FLG,2017,12/31/17,415080000
FLG,2018,12/31/18,415080000
FLG,2019,12/31/19,415080000
FLG,2020,12/31/20,415080000
FLIC,2016,12/31/16,22679500
FLIC,2017,12/31/17,22679500
FLIC,2018,12/31/18,22679500
FLIC,2019,12/31/19,22679500
FLIC,2020,12/31/20,22679500
FMBH,2016,12/31/16,23989000
FMBH,2017,12/31/17,23989000
FMBH,2018,12/31/18,23989000
FMBH,2019,12/31/19,23989000
FMBH,2020,12/31/20,23989000
FMNB,2016,12/31/16,37640500
FMNB,2017,12/31/17,37640500
FMNB,2018,12/31/18,37640500
FMNB,2019,12/31/19,37640500
FMNB,2020,12/31/20,37640500
FNB,2016,12/31/16,359806016
FNB,2017,12/31/17,359806016
FNB,2018,12/31/18,359806016
FNB,2019,12/31/19,359806016
FNB,2020,12/31/20,359806016
FNLC,2016,12/31/16,11202300
FNLC,2017,12/31/17,11202300
FNLC,2018,12/31/18,11202300
FNLC,2019,12/31/19,11202300
FNLC,2020,12/31/20,11202300
FNWB,2016,12/31/16,8923850
FNWB,2017,12/31/17,8923850
FNWB,2018,12/31/18,8923850
FNWB,2019,12/31/19,8923850
FNWB,2020,12/31/20,8923850
FRBA,2016,12/31/16,25043700
FRBA,2017,12/31/17,25043700
FRBA,2018,12/31/18,25043700
FRBA,2019,12/31/19,25043700
FRBA,2020,12/31/20,25043700
FRBKQ,2016,12/31/16,70411000
FRBKQ,2017,12/31/17,70411000
FRBKQ,2018,12/31/18,70411000
FRBKQ,2019,12/31/19,70411000
FRBKQ,2020,12/31/20,70411000
FRCB,2016,12/31/16,186219008
FRCB,2017,12/31/17,186219008
FRCB,2018,12/31/18,186219008
FRCB,2019,12/31/19,186219008
FRCB,2020,12/31/20,186219008
FRME,2016,12/31/16,58307000
FRME,2017,12/31/17,58307000
FRME,2018,12/31/18,58307000
FRME,2019,12/31/19,58307000
FRME,2020,12/31/20,58307000
FRST,2016,12/31/16,24722700
FRST,2017,12/31/17,24722700
FRST,2018,12/31/18,24722700
FRST,2019,12/31/19,24722700
FRST,2020,12/31/20,24722700
FSBW,2016,12/31/16,7697430
FSBW,2017,12/31/17,7697430
FSBW,2018,12/31/18,7697430
FSBW,2019,12/31/19,7697430
FSBW,2020,12/31/20,7697430
FULT,2016,12/31/16,181795008
FULT,2017,12/31/17,181795008
FULT,2018,12/31/18,181795008
FULT,2019,12/31/19,181795008
FULT,2020,12/31/20,181795008
FUNC,2016,12/31/16,6478630
FUNC,2017,12/31/17,6478630
FUNC,2018,12/31/18,6478630
FUNC,2019,12/31/19,6478630
FUNC,2020,12/31/20,6478630
GABC,2016,12/31/16,37480700
GABC,2017,12/31/17,37480700
GABC,2018,12/31/18,37480700
GABC,2019,12/31/19,37480700
GABC,2020,12/31/20,37480700
GBCI,2016,12/31/16,118549000
GBCI,2017,12/31/17,118549000
GBCI,2018,12/31/18,118549000
GBCI,2019,12/31/19,118549000
GBCI,2020,12/31/20,118549000
GSBC,2016,12/31/16,11467900
GSBC,2017,12/31/17,11467900
GSBC,2018,12/31/18,11467900
GSBC,2019,12/31/19,11467900
GSBC,2020,12/31/20,11467900
HAFC,2016,12/31/16,30212100
HAFC,2017,12/31/17,30212100
HAFC,2018,12/31/18,30212100
HAFC,2019,12/31/19,30212100
HAFC,2020,12/31/20,30212100
HBAN,2016,12/31/16,1456809984
HBAN,2017,12/31/17,1456809984
HBAN,2018,12/31/18,1456809984
HBAN,2019,12/31/19,1456809984
HBAN,2020,12/31/20,1456809984
HBCP,2016,12/31/16,7801370
HBCP,2017,12/31/17,7801370
HBCP,2018,12/31/18,7801370
HBCP,2019,12/31/19,7801370
HBCP,2020,12/31/20,7801370
HBNC,2016,12/31/16,44097300
HBNC,2017,12/31/17,44097300
HBNC,2018,12/31/18,44097300
HBNC,2019,12/31/19,44097300
HBNC,2020,12/31/20,44097300
HFWA,2016,12/31/16,34105500
HFWA,2017,12/31/17,34105500
HFWA,2018,12/31/18,34105500
HFWA,2019,12/31/19,34105500
HFWA,2020,12/31/20,34105500
HIFS,2016,12/31/16,2181250
HIFS,2017,12/31/17,2181250
HIFS,2018,12/31/18,2181250
HIFS,2019,12/31/19,2181250
HIFS,2020,12/31/20,2181250
HMST,2016,12/31/16,18920800
HMST,2017,12/31/17,18920800
HMST,2018,12/31/18,18920800
HMST,2019,12/31/19,18920800
HMST,2020,12/31/20,18920800
HOMB,2016,12/31/16,197464000
HOMB,2017,12/31/17,197464000
HOMB,2018,12/31/18,197464000
HOMB,2019,12/31/19,197464000
HOMB,2020,12/31/20,197464000
HOPE,2016,12/31/16,128056000
HOPE,2017,12/31/17,128056000
HOPE,2018,12/31/18,128056000
HOPE,2019,12/31/19,128056000
HOPE,2020,12/31/20,128056000
HTBK,2016,12/31/16,61595500
HTBK,2017,12/31/17,61595500
HTBK,2018,12/31/18,61595500
HTBK,2019,12/31/19,61595500
HTBK,2020,12/31/20,61595500
HTH,2016,12/31/16,64155200
HTH,2017,12/31/17,64155200
HTH,2018,12/31/18,64155200
HTH,2019,12/31/19,64155200
HTH,2020,12/31/20,64155200
HWBK,2016,12/31/16,6931300
HWBK,2017,12/31/17,6931300
HWBK,2018,12/31/18,6931300
HWBK,2019,12/31/19,6931300
HWBK,2020,12/31/20,6931300
HWC,2016,12/31/16,85643200
HWC,2017,12/31/17,85643200
HWC,2018,12/31/18,85643200
HWC,2019,12/31/19,85643200
HWC,2020,12/31/20,85643200
IBCP,2016,12/31/16,20720900
IBCP,2017,12/31/17,20720900
IBCP,2018,12/31/18,20720900
IBCP,2019,12/31/19,20720900
IBCP,2020,12/31/20,20720900
IBOC,2016,12/31/16,62141900
IBOC,2017,12/31/17,62141900
IBOC,2018,12/31/18,62141900
IBOC,2019,12/31/19,62141900
IBOC,2020,12/31/20,62141900
INBK,2016,12/31/16,8697080
INBK,2017,12/31/17,8697080
INBK,2018,12/31/18,8697080
INBK,2019,12/31/19,8697080
INBK,2020,12/31/20,8697080
INDB,2016,12/31/16,50026800
INDB,2017,12/31/17,50026800
INDB,2018,12/31/18,50026800
INDB,2019,12/31/19,50026800
INDB,2020,12/31/20,50026800
ISTR,2016,12/31/16,9844850
ISTR,2017,12/31/17,9844850
ISTR,2018,12/31/18,9844850
ISTR,2019,12/31/19,9844850
ISTR,2020,12/31/20,9844850
JPM,2016,12/31/16,2779089920
JPM,2017,12/31/17,2779089920
JPM,2018,12/31/18,2779089920
JPM,2019,12/31/19,2779089920
JPM,2020,12/31/20,2779089920
KEY,2016,12/31/16,1095939968
KEY,2017,12/31/17,1095939968
KEY,2018,12/31/18,1095939968
KEY,2019,12/31/19,1095939968
KEY,2020,12/31/20,1095939968
LARK,2016,12/31/16,5783080
LARK,2017,12/31/17,5783080
LARK,2018,12/31/18,5783080
LARK,2019,12/31/19,5783080
LARK,2020,12/31/20,5783080
LCNB,2016,12/31/16,14167400
LCNB,2017,12/31/17,14167400
LCNB,2018,12/31/18,14167400
LCNB,2019,12/31/19,14167400
LCNB,2020,12/31/20,14167400
LKFN,2016,12/31/16,25556900
LKFN,2017,12/31/17,25556900
LKFN,2018,12/31/18,25556900
LKFN,2019,12/31/19,25556900
LKFN,2020,12/31/20,25556900
MBWM,2016,12/31/16,16235200
MBWM,2017,12/31/17,16235200
MBWM,2018,12/31/18,16235200
MBWM,2019,12/31/19,16235200
MBWM,2020,12/31/20,16235200
MFIN,2016,12/31/16,23236500
MFIN,2017,12/31/17,23236500
MFIN,2018,12/31/18,23236500
MFIN,2019,12/31/19,23236500
MFIN,2020,12/31/20,23236500
MOFG,2016,12/31/16,20817000
MOFG,2017,12/31/17,20817000
MOFG,2018,12/31/18,20817000
MOFG,2019,12/31/19,20817000
MOFG,2020,12/31/20,20817000
MPB,2016,12/31/16,22963500
MPB,2017,12/31/17,22963500
MPB,2018,12/31/18,22963500
MPB,2019,12/31/19,22963500
MPB,2020,12/31/20,22963500
MTB,2016,12/31/16,160516000
MTB,2017,12/31/17,160516000
MTB,2018,12/31/18,160516000
MTB,2019,12/31/19,160516000
MTB,2020,12/31/20,160516000
NBHC,2016,12/31/16,38094300
NBHC,2017,12/31/17,38094300
NBHC,2018,12/31/18,38094300
NBHC,2019,12/31/19,38094300
NBHC,2020,12/31/20,38094300
NBTB,2016,12/31/16,52381000
NBTB,2017,12/31/17,52381000
NBTB,2018,12/31/18,52381000
NBTB,2019,12/31/19,52381000
NBTB,2020,12/31/20,52381000
NFBK,2016,12/31/16,42626100
NFBK,2017,12/31/17,42626100
NFBK,2018,12/31/18,42626100
NFBK,2019,12/31/19,42626100
NFBK,2020,12/31/20,42626100
NKSH,2016,12/31/16,6363370
NKSH,2017,12/31/17,6363370
NKSH,2018,12/31/18,6363370
NKSH,2019,12/31/19,6363370
NKSH,2020,12/31/20,6363370
NRIM,2016,12/31/16,5520890
NRIM,2017,12/31/17,5520890
NRIM,2018,12/31/18,5520890
NRIM,2019,12/31/19,5520890
NRIM,2020,12/31/20,5520890
NWBI,2016,12/31/16,127752000
NWBI,2017,12/31/17,127752000
NWBI,2018,12/31/18,127752000
NWBI,2019,12/31/19,127752000
NWBI,2020,12/31/20,127752000
NWFL,2016,12/31/16,9260520
NWFL,2017,12/31/17,9260520
NWFL,2018,12/31/18,9260520
NWFL,2019,12/31/19,9260520
NWFL,2020,12/31/20,9260520
OCFC,2016,12/31/16,58383500
OCFC,2017,12/31/17,58383500
OCFC,2018,12/31/18,58383500
OCFC,2019,12/31/19,58383500
OCFC,2020,12/31/20,58383500
ONB,2016,12/31/16,369929984
ONB,2017,12/31/17,369929984
ONB,2018,12/31/18,369929984
ONB,2019,12/31/19,369929984
ONB,2020,12/31/20,369929984
OPOF,2016,12/31/16,5105030
OPOF,2017,12/31/17,5105030
OPOF,2018,12/31/18,5105030
OPOF,2019,12/31/19,5105030
OPOF,2020,12/31/20,5105030
ORRF,2016,12/31/16,19508500
ORRF,2017,12/31/17,19508500
ORRF,2018,12/31/18,19508500
ORRF,2019,12/31/19,19508500
ORRF,2020,12/31/20,19508500
OSBC,2016,12/31/16,45056200
OSBC,2017,12/31/17,45056200
OSBC,2018,12/31/18,45056200
OSBC,2019,12/31/19,45056200
OSBC,2020,12/31/20,45056200
OVBC,2016,12/31/16,4711000
OVBC,2017,12/31/17,4711000
OVBC,2018,12/31/18,4711000
OVBC,2019,12/31/19,4711000
OVBC,2020,12/31/20,4711000
OVLY,2016,12/31/16,8382060
OVLY,2017,12/31/17,8382060
OVLY,2018,12/31/18,8382060
OVLY,2019,12/31/19,8382060
OVLY,2020,12/31/20,8382060
OZK,2016,12/31/16,112619000
OZK,2017,12/31/17,112619000
OZK,2018,12/31/18,112619000
OZK,2019,12/31/19,112619000
OZK,2020,12/31/20,112619000
PB,2016,12/31/16,95283000
PB,2017,12/31/17,95283000
PB,2018,12/31/18,95283000
PB,2019,12/31/19,95283000
PB,2020,12/31/20,95283000
PEBK,2016,12/31/16,5297760
PEBK,2017,12/31/17,5297760
PEBK,2018,12/31/18,5297760
PEBK,2019,12/31/19,5297760
PEBK,2020,12/31/20,5297760
PEBO,2016,12/31/16,35645800
PEBO,2017,12/31/17,35645800
PEBO,2018,12/31/18,35645800
PEBO,2019,12/31/19,35645800
PEBO,2020,12/31/20,35645800
PFBC,2016,12/31/16,12426200
PFBC,2017,12/31/17,12426200
PFBC,2018,12/31/18,12426200
PFBC,2019,12/31/19,12426200
PFBC,2020,12/31/20,12426200
PFIS,2016,12/31/16,9994700
PFIS,2017,12/31/17,9994700
PFIS,2018,12/31/18,9994700
PFIS,2019,12/31/19,9994700
PFIS,2020,12/31/20,9994700
PFS,2016,12/31/16,130660000
PFS,2017,12/31/17,130660000
PFS,2018,12/31/18,130660000
PFS,2019,12/31/19,130660000
PFS,2020,12/31/20,130660000
PGC,2016,12/31/16,17735900
PGC,2017,12/31/17,17735900
PGC,2018,12/31/18,17735900
PGC,2019,12/31/19,17735900
PGC,2020,12/31/20,17735900
PKBK,2016,12/31/16,11843300
PKBK,2017,12/31/17,11843300
PKBK,2018,12/31/18,11843300
PKBK,2019,12/31/19,11843300
PKBK,2020,12/31/20,11843300
PLBC,2016,12/31/16,6932930
PLBC,2017,12/31/17,6932930
PLBC,2018,12/31/18,6932930
PLBC,2019,12/31/19,6932930
PLBC,2020,12/31/20,6932930
PNC,2016,12/31/16,395567008
PNC,2017,12/31/17,395567008
PNC,2018,12/31/18,395567008
PNC,2019,12/31/19,395567008
PNC,2020,12/31/20,395567008
PNFP,2016,12/31/16,77556096
PNFP,2017,12/31/17,77556096
PNFP,2018,12/31/18,77556096
PNFP,2019,12/31/19,77556096
PNFP,2020,12/31/20,77556096
PPBI,2016,12/31/16,97024704
PPBI,2017,12/31/17,97024704
PPBI,2018,12/31/18,97024704
PPBI,2019,12/31/19,97024704
PPBI,2020,12/31/20,97024704
PRK,2016,12/31/16,16191300
PRK,2017,12/31/17,16191300
PRK,2018,12/31/18,16191300
PRK,2019,12/31/19,16191300
PRK,2020,12/31/20,16191300
PVBC,2016,12/31/16,17788000
PVBC,2017,12/31/17,17788000
PVBC,2018,12/31/18,17788000
PVBC,2019,12/31/19,17788000
PVBC,2020,12/31/20,17788000
PWOD,2016,12/31/16,7614210
PWOD,2017,12/31/17,7614210
PWOD,2018,12/31/18,7614210
PWOD,2019,12/31/19,7614210
PWOD,2020,12/31/20,7614210
QCRH,2016,12/31/16,16931400
QCRH,2017,12/31/17,16931400
QCRH,2018,12/31/18,16931400
QCRH,2019,12/31/19,16931400
QCRH,2020,12/31/20,16931400
RBCAA,2016,12/31/16,17374700
RBCAA,2017,12/31/17,17374700
RBCAA,2018,12/31/18,17374700
RBCAA,2019,12/31/19,17374700
RBCAA,2020,12/31/20,17374700
RF,2016,12/31/16,898929984
RF,2017,12/31/17,898929984
RF,2018,12/31/18,898929984
RF,2019,12/31/19,898929984
RF,2020,12/31/20,898929984
SBCF,2016,12/31/16,85985400
SBCF,2017,12/31/17,85985400
SBCF,2018,12/31/18,85985400
SBCF,2019,12/31/19,85985400
SBCF,2020,12/31/20,85985400
SBFG,2016,12/31/16,6525130
SBFG,2017,12/31/17,6525130
SBFG,2018,12/31/18,6525130
SBFG,2019,12/31/19,6525130
SBFG,2020,12/31/20,6525130
SBNY,2016,12/31/16,62974000
SBNY,2017,12/31/17,62974000
SBNY,2018,12/31/18,62974000
SBNY,2019,12/31/19,62974000
SBNY,2020,12/31/20,62974000
SBSI,2016,12/31/16,30214000
SBSI,2017,12/31/17,30214000
SBSI,2018,12/31/18,30214000
SBSI,2019,12/31/19,30214000
SBSI,2020,12/31/20,30214000
SFNC,2016,12/31/16,125952000
SFNC,2017,12/31/17,125952000
SFNC,2018,12/31/18,125952000
SFNC,2019,12/31/19,125952000
SFNC,2020,12/31/20,125952000
SFST,2016,12/31/16,8168860
SFST,2017,12/31/17,8168860
SFST,2018,12/31/18,8168860
SFST,2019,12/31/19,8168860
SFST,2020,12/31/20,8168860
SHBI,2016,12/31/16,33374300
SHBI,2017,12/31/17,33374300
SHBI,2018,12/31/18,33374300
SHBI,2019,12/31/19,33374300
SHBI,2020,12/31/20,33374300
SNV,2016,12/31/16,139012992
SNV,2017,12/31/17,139012992
SNV,2018,12/31/18,139012992
SNV,2019,12/31/19,139012992
SNV,2020,12/31/20,139012992
SRCE,2016,12/31/16,24562900
SRCE,2017,12/31/17,24562900
SRCE,2018,12/31/18,24562900
SRCE,2019,12/31/19,24562900
SRCE,2020,12/31/20,24562900
STBA,2016,12/31/16,38330300
STBA,2017,12/31/17,38330300
STBA,2018,12/31/18,38330300
STBA,2019,12/31/19,38330300
STBA,2020,12/31/20,38330300
SYBT,2016,12/31/16,29468900
SYBT,2017,12/31/17,29468900
SYBT,2018,12/31/18,29468900
SYBT,2019,12/31/19,29468900
SYBT,2020,12/31/20,29468900
TBBK,2016,12/31/16,46709700
TBBK,2017,12/31/17,46709700
TBBK,2018,12/31/18,46709700
TBBK,2019,12/31/19,46709700
TBBK,2020,12/31/20,46709700
TCBI,2016,12/31/16,45903400
TCBI,2017,12/31/17,45903400
TCBI,2018,12/31/18,45903400
TCBI,2019,12/31/19,45903400
TCBI,2020,12/31/20,45903400
TCBK,2016,12/31/16,32858400
TCBK,2017,12/31/17,32858400
TCBK,2018,12/31/18,32858400
TCBK,2019,12/31/19,32858400
TCBK,2020,12/31/20,32858400
TFC,2016,12/31/16,1309539968
TFC,2017,12/31/17,1309539968
TFC,2018,12/31/18,1309539968
TFC,2019,12/31/19,1309539968
TFC,2020,12/31/20,1309539968
TFIN,2016,12/31/16,23676700
TFIN,2017,12/31/17,23676700
TFIN,2018,12/31/18,23676700
TFIN,2019,12/31/19,23676700
TFIN,2020,12/31/20,23676700
THFF,2016,12/31/16,11850600
THFF,2017,12/31/17,11850600
THFF,2018,12/31/18,11850600
THFF,2019,12/31/19,11850600
THFF,2020,12/31/20,11850600
TMP,2016,12/31/16,14434500
TMP,2017,12/31/17,14434500
TMP,2018,12/31/18,14434500
TMP,2019,12/31/19,14434500
TMP,2020,12/31/20,14434500
TOWN,2016,12/31/16,75397104
TOWN,2017,12/31/17,75397104
TOWN,2018,12/31/18,75397104
TOWN,2019,12/31/19,75397104
TOWN,2020,12/31/20,75397104
TRMK,2016,12/31/16,60477600
TRMK,2017,12/31/17,60477600
TRMK,2018,12/31/18,60477600
TRMK,2019,12/31/19,60477600
TRMK,2020,12/31/20,60477600
TRST,2016,12/31/16,19019700
TRST,2017,12/31/17,19019700
TRST,2018,12/31/18,19019700
TRST,2019,12/31/19,19019700
TRST,2020,12/31/20,19019700
UBFO,2016,12/31/16,17475900
UBFO,2017,12/31/17,17475900
UBFO,2018,12/31/18,17475900
UBFO,2019,12/31/19,17475900
UBFO,2020,12/31/20,17475900
UBSI,2016,12/31/16,142060000
UBSI,2017,12/31/17,142060000
UBSI,2018,12/31/18,142060000
UBSI,2019,12/31/19,142060000
UBSI,2020,12/31/20,142060000
UCB,2016,12/31/16,121499000
UCB,2017,12/31/17,121499000
UCB,2018,12/31/18,121499000
UCB,2019,12/31/19,121499000
UCB,2020,12/31/20,121499000
UMBF,2016,12/31/16,75918496
UMBF,2017,12/31/17,75918496
UMBF,2018,12/31/18,75918496
UMBF,2019,12/31/19,75918496
UMBF,2020,12/31/20,75918496
UNB,2016,12/31/16,4538600
UNB,2017,12/31/17,4538600
UNB,2018,12/31/18,4538600
UNB,2019,12/31/19,4538600
UNB,2020,12/31/20,4538600
UNTY,2016,12/31/16,10031100
UNTY,2017,12/31/17,10031100
UNTY,2018,12/31/18,10031100
UNTY,2019,12/31/19,10031100
UNTY,2020,12/31/20,10031100
USB,2016,12/31/16,1558029952
USB,2017,12/31/17,1558029952
USB,2018,12/31/18,1558029952
USB,2019,12/31/19,1558029952
USB,2020,12/31/20,1558029952
UVSP,2016,12/31/16,28880200
UVSP,2017,12/31/17,28880200
UVSP,2018,12/31/18,28880200
UVSP,2019,12/31/19,28880200
UVSP,2020,12/31/20,28880200
VBTX,2016,12/31/16,54271500
VBTX,2017,12/31/17,54271500
VBTX,2018,12/31/18,54271500
VBTX,2019,12/31/19,54271500
VBTX,2020,12/31/20,54271500
VLY,2016,12/31/16,560340992
VLY,2017,12/31/17,560340992
VLY,2018,12/31/18,560340992
VLY,2019,12/31/19,560340992
VLY,2020,12/31/20,560340992
WABC,2016,12/31/16,26180700
WABC,2017,12/31/17,26180700
WABC,2018,12/31/18,26180700
WABC,2019,12/31/19,26180700
WABC,2020,12/31/20,26180700
WAL,2016,12/31/16,110404000
WAL,2017,12/31/17,110404000
WAL,2018,12/31/18,110404000
WAL,2019,12/31/19,110404000
WAL,2020,12/31/20,110404000
WASH,2016,12/31/16,19291100
WASH,2017,12/31/17,19291100
WASH,2018,12/31/18,19291100
WASH,2019,12/31/19,19291100
WASH,2020,12/31/20,19291100
WBS,2016,12/31/16,168228992
WBS,2017,12/31/17,168228992
WBS,2018,12/31/18,168228992
WBS,2019,12/31/19,168228992
WBS,2020,12/31/20,168228992
WFC,2016,12/31/16,3254180096
WFC,2017,12/31/17,3254180096
WFC,2018,12/31/18,3254180096
WFC,2019,12/31/19,3254180096
WFC,2020,12/31/20,3254180096
WNEB,2016,12/31/16,20711000
WNEB,2017,12/31/17,20711000
WNEB,2018,12/31/18,20711000
WNEB,2019,12/31/19,20711000
WNEB,2020,12/31/20,20711000
WSBC,2016,12/31/16,95672200
WSBC,2017,12/31/17,95672200
WSBC,2018,12/31/18,95672200
WSBC,2019,12/31/19,95672200
WSBC,2020,12/31/20,95672200
WSBF,2016,12/31/16,19075500
WSBF,2017,12/31/17,19075500
WSBF,2018,12/31/18,19075500
WSBF,2019,12/31/19,19075500
WSBF,2020,12/31/20,19075500
WSFS,2016,12/31/16,56777000
WSFS,2017,12/31/17,56777000
WSFS,2018,12/31/18,56777000
WSFS,2019,12/31/19,56777000
WSFS,2020,12/31/20,56777000
WTBA,2016,12/31/16,16923300
WTBA,2017,12/31/17,16923300
WTBA,2018,12/31/18,16923300
WTBA,2019,12/31/19,16923300
WTBA,2020,12/31/20,16923300
WTFC,2016,12/31/16,66930300
WTFC,2017,12/31/17,66930300
WTFC,2018,12/31/18,66930300
WTFC,2019,12/31/19,66930300
WTFC,2020,12/31/20,66930300
ZION,2016,12/31/16,147571008
ZION,2017,12/31/17,147571008
ZION,2018,12/31/18,147571008
ZION,2019,12/31/19,147571008
ZION,2020,12/31/20,147571008